92-7200064,Barney,Morby,bmorby0,292-560-4031,bmorby0@godaddy.com,7
65-7392014,Waylan,Wilman,wwilman1,170-257-6691,wwilman1@opensource.org,2
78-0108863,Hollis,Witheford,hwitheford2,130-351-8497,hwitheford2@amazon.co.jp,4
59-3625309,Graeme,Meagher,gmeagher3,707-121-6215,gmeagher3@house.gov,6
61-0852282,Adamo,Sivell,asivell4,146-254-4114,asivell4@tinypic.com,4
39-9432907,Gale,MacNeilley,gmacneilley5,536-949-4079,gmacneilley5@chicagotribune.com,4
07-3272435,Nels,Banyard,nbanyard6,967-159-0090,nbanyard6@joomla.org,7
29-2543254,Rhett,Cossum,rcossum7,366-727-3250,rcossum7@jalbum.net,6
17-3910636,Deni,Buttner,dbuttner8,907-109-7189,dbuttner8@barnesandnoble.com,3
28-3321685,Larissa,Eliesco,leliesco9,258-268-4059,leliesco9@freewebs.com,6
97-1590747,Melisandra,Ralfe,mralfea,127-631-3344,mralfea@ft.com,7
08-8505249,Oneida,Vear,ovearb,833-764-8139,ovearb@huffingtonpost.com,5
26-6645765,Clari,Docker,cdockerc,360-564-4450,cdockerc@blogspot.com,4
64-5114988,Tanner,Helleker,thellekerd,639-177-2693,thellekerd@amazon.co.uk,5
48-8523038,Albina,Evenden,aevendene,644-987-3795,aevendene@istockphoto.com,4
72-6327118,Iain,Binder,ibinderf,266-910-6249,ibinderf@ihg.com,6
92-6325578,Fey,Gildroy,fgildroyg,662-915-2337,fgildroyg@twitpic.com,7
77-5606791,Bunni,Maymand,bmaymandh,640-846-4409,bmaymandh@constantcontact.com,6
00-9132902,Atlante,Dobbin,adobbini,712-957-6952,adobbini@latimes.com,7
35-4893902,Trumann,Stranger,tstrangerj,837-262-2576,tstrangerj@goo.gl,5
66-4423500,Merwin,Parsley,mparsleyk,513-956-7877,mparsleyk@comsenz.com,7
47-4650031,Tarrance,Paviour,tpaviourl,641-318-2057,tpaviourl@aboutads.info,2
88-4028073,Alma,Tieman,atiemanm,896-533-8552,atiemanm@opensource.org,5
41-5052753,Giselle,Reeders,greedersn,457-380-2243,greedersn@princeton.edu,1
30-6727983,Carmella,Parsand,cparsando,736-578-7524,cparsando@is.gd,4
66-5184700,Rudiger,Randle,rrandlep,837-176-5034,rrandlep@skyrock.com,2
34-4548284,Jacinta,Snowsill,jsnowsillq,136-266-1676,jsnowsillq@ucoz.com,1
61-7253503,Zerk,MacNeil,zmacneilr,246-721-6868,zmacneilr@chronoengine.com,4
06-8574556,Sallee,Margaret,smargarets,211-897-6394,smargarets@slate.com,4
61-4089833,Parker,Marguerite,pmargueritet,522-234-3418,pmargueritet@blinklist.com,7
73-2267326,Shelli,Amor,samoru,799-922-7727,samoru@tripadvisor.com,5
94-7902467,Thalia,McKaile,tmckailev,752-466-8917,tmckailev@g.co,3
53-7348919,Suki,Dockreay,sdockreayw,679-669-9417,sdockreayw@cdc.gov,5
10-0365689,Elnora,Vido,evidox,239-628-9270,evidox@senate.gov,2
02-8331060,Agata,Natalie,anataliey,492-331-0683,anataliey@cisco.com,4
37-1677144,Wakefield,Deller,wdellerz,781-185-1917,wdellerz@phpbb.com,2
51-0762247,Fremont,Palomba,fpalomba10,127-688-5852,fpalomba10@canalblog.com,6
91-7184916,Miran,Aston,maston11,692-571-8813,maston11@xing.com,3
55-5571270,Erda,Riden,eriden12,305-109-9520,eriden12@purevolume.com,7
52-6706978,Glyn,De'Ath,gdeath13,434-245-7672,gdeath13@springer.com,4
37-7115192,Harwilll,Pic,hpic14,337-256-1652,hpic14@delicious.com,6
09-4112147,Homerus,De Brett,hdebrett15,351-423-7632,hdebrett15@soundcloud.com,6
75-7658556,Joelle,Matthews,jmatthews16,785-656-4468,jmatthews16@prlog.org,6
62-6435380,Nanny,Harragin,nharragin17,833-283-2681,nharragin17@wordpress.org,5
26-8761900,Perren,Cussons,pcussons18,112-694-4896,pcussons18@mysql.com,1
26-1632786,Buckie,Brownett,bbrownett19,584-948-5844,bbrownett19@miitbeian.gov.cn,1
11-8711309,Burnaby,Dan,bdan1a,174-286-7912,bdan1a@miitbeian.gov.cn,6
70-4526365,Gradeigh,Faltskog,gfaltskog1b,103-458-8647,gfaltskog1b@pcworld.com,3
50-9860765,Wilt,Ciottoi,wciottoi1c,420-885-6784,wciottoi1c@godaddy.com,3
47-5733452,Miller,Kennaird,mkennaird1d,278-704-0971,mkennaird1d@amazon.com,2
60-7017855,Emmit,Mourant,emourant1e,666-558-9085,emourant1e@g.co,1
45-0973299,Delphinia,Durrad,ddurrad1f,819-477-0377,ddurrad1f@is.gd,4
23-3905050,Harmonie,Flemming,hflemming1g,451-372-6027,hflemming1g@ovh.net,4
17-2647710,Arther,Lillee,alillee1h,661-227-3934,alillee1h@slashdot.org,1
84-4789281,Noreen,Jirusek,njirusek1i,584-457-7896,njirusek1i@woothemes.com,6
31-0484896,Eveleen,Pallister,epallister1j,617-681-7565,epallister1j@ucsd.edu,7
76-4543582,Sidoney,Sobtka,ssobtka1k,483-384-7961,ssobtka1k@house.gov,4
78-8626793,Rodi,Warwicker,rwarwicker1l,317-588-1528,rwarwicker1l@dropbox.com,2
69-7480244,Emmy,Burnell,eburnell1m,214-268-4230,eburnell1m@harvard.edu,2
62-5543843,Kylila,Kirkpatrick,kkirkpatrick1n,412-475-3401,kkirkpatrick1n@ted.com,1
90-3028161,Willie,Llewellyn,wllewellyn1o,616-677-5982,wllewellyn1o@auda.org.au,5
11-5737546,Emelia,Dellenbrook,edellenbrook1p,276-133-2481,edellenbrook1p@angelfire.com,7
59-2434252,Alexio,Badgers,abadgers1q,730-252-4423,abadgers1q@cbsnews.com,3
69-0870239,Tatiania,Todarello,ttodarello1r,169-644-0368,ttodarello1r@google.ru,2
70-1017553,Egon,Stollenbeck,estollenbeck1s,510-928-9997,estollenbeck1s@ft.com,5
02-5099053,Hillel,Cudd,hcudd1t,243-191-6179,hcudd1t@altervista.org,6
24-8912901,Lawry,Rillstone,lrillstone1u,744-583-9954,lrillstone1u@amazonaws.com,2
65-6245664,Goran,Dullard,gdullard1v,471-746-1081,gdullard1v@photobucket.com,2
55-3392754,Ailee,Rey,arey1w,954-377-8140,arey1w@constantcontact.com,7
59-2950289,Bonni,Neggrini,bneggrini1x,851-534-9478,bneggrini1x@opera.com,2
10-9582731,Carley,Redhills,credhills1y,861-516-7846,credhills1y@vk.com,5
73-6585312,Aylmar,Godlonton,agodlonton1z,706-451-9499,agodlonton1z@bloomberg.com,4
33-4369126,Aguie,Hutchence,ahutchence20,722-661-2172,ahutchence20@hexun.com,3
53-7770520,Mallorie,Howle,mhowle21,505-719-4344,mhowle21@xinhuanet.com,2
51-7618475,Cele,Maple,cmaple22,877-885-2865,cmaple22@drupal.org,1
15-1932596,Yardley,Crottagh,ycrottagh23,133-347-8371,ycrottagh23@springer.com,2
20-4875093,Zachariah,Sargint,zsargint24,147-901-8900,zsargint24@weibo.com,5
90-3570811,Hendrika,Daice,hdaice25,279-297-8904,hdaice25@amazon.de,6
07-5651507,Angelia,Haffard,ahaffard26,179-784-8541,ahaffard26@paypal.com,2
99-4283932,Jamal,Kinder,jkinder27,188-570-2704,jkinder27@smh.com.au,7
81-9876646,Piggy,Greatex,pgreatex28,923-407-4358,pgreatex28@nhs.uk,3
38-2719649,Eve,Butterley,ebutterley29,986-586-7843,ebutterley29@digg.com,4
85-7174924,Alta,Gypson,agypson2a,180-179-1692,agypson2a@blogs.com,5
69-5377660,Lind,Clogg,lclogg2b,629-479-1744,lclogg2b@latimes.com,3
26-4246516,Wayne,deKnevet,wdeknevet2c,341-768-1035,wdeknevet2c@mit.edu,7
66-2600718,Rutherford,Brightie,rbrightie2d,170-555-6709,rbrightie2d@google.ru,6
57-0322300,Nora,Siverns,nsiverns2e,105-216-9145,nsiverns2e@ifeng.com,6
10-8001030,Sheff,Gearty,sgearty2f,515-368-6326,sgearty2f@japanpost.jp,4
06-9574238,Jennee,Swatton,jswatton2g,299-501-2580,jswatton2g@smugmug.com,1
81-5647262,Merilyn,Esposi,mesposi2h,953-233-3065,mesposi2h@shutterfly.com,1
40-2281523,Itch,Farncomb,ifarncomb2i,597-326-8985,ifarncomb2i@youtu.be,2
52-5787461,Fernande,Haine,fhaine2j,211-710-7749,fhaine2j@amazonaws.com,5
18-2991428,Cora,Matteotti,cmatteotti2k,284-201-1524,cmatteotti2k@dropbox.com,5
96-7228076,Sheilakathryn,Krimmer,skrimmer2l,313-756-4368,skrimmer2l@wordpress.com,5
14-1801515,Tate,Maundrell,tmaundrell2m,920-936-3527,tmaundrell2m@storify.com,4
06-0120666,Germain,Fitt,gfitt2n,269-146-1135,gfitt2n@house.gov,4
30-7177257,Chickie,Proswell,cproswell2o,813-514-7890,cproswell2o@wsj.com,2
63-1639858,Sosanna,Wason,swason2p,761-817-6247,swason2p@g.co,1
09-7186047,Miriam,Jorio,mjorio2q,265-945-1231,mjorio2q@altervista.org,6
62-5547711,Chevalier,Bampford,cbampford2r,629-449-8213,cbampford2r@sciencedaily.com,4
77-3444991,Concettina,Joreau,cjoreau2s,269-495-6428,cjoreau2s@msu.edu,6
61-0145989,Broderic,Thurman,bthurman2t,113-890-4484,bthurman2t@oaic.gov.au,1
40-8678973,Neel,Seligson,nseligson2u,493-798-6213,nseligson2u@google.com.br,7
52-7845945,Evangeline,Wadhams,ewadhams2v,380-818-8686,ewadhams2v@parallels.com,7
69-9383323,Jsandye,Childers,jchilders2w,935-100-9117,jchilders2w@google.com.au,7
96-1355728,Bob,Ginn,bginn2x,136-779-3189,bginn2x@is.gd,3
81-5442546,Adiana,Napton,anapton2y,402-515-1469,anapton2y@adobe.com,1
49-3704807,Gorden,Ker,gker2z,926-996-9590,gker2z@vinaora.com,4
65-1992129,Tallie,Runham,trunham30,157-203-4022,trunham30@goo.ne.jp,7
47-6016243,Ursala,Stickells,ustickells31,853-439-2154,ustickells31@ucsd.edu,5
50-3511963,Kariotta,Maddy,kmaddy32,387-972-4850,kmaddy32@tinyurl.com,7
46-0785720,Danica,Writtle,dwrittle33,686-445-1169,dwrittle33@gravatar.com,2
98-0977182,Lesley,Chetwynd,lchetwynd34,529-508-9763,lchetwynd34@nifty.com,5
24-0980318,Austin,Scogin,ascogin35,830-331-5336,ascogin35@google.co.jp,1
52-1747770,Stern,Boscher,sboscher36,971-232-6665,sboscher36@vistaprint.com,2
75-5236727,Marlene,Delcastel,mdelcastel37,989-676-0159,mdelcastel37@last.fm,3
73-9952106,Rossie,Dearell,rdearell38,417-106-1814,rdearell38@java.com,4
91-9121294,Jacinda,Pepler,jpepler39,584-132-2297,jpepler39@google.pl,3
28-1203952,Gaston,O'Hdirscoll,gohdirscoll3a,908-270-0939,gohdirscoll3a@github.com,7
73-8155976,Vidovic,Fowley,vfowley3b,662-310-8518,vfowley3b@sogou.com,2
73-5907907,Georgia,Titchener,gtitchener3c,613-311-5931,gtitchener3c@apple.com,5
74-6018390,Nancie,Crux,ncrux3d,819-429-6878,ncrux3d@washingtonpost.com,7
70-2545494,Sophronia,Grevel,sgrevel3e,597-595-5509,sgrevel3e@taobao.com,3
99-0257667,Isis,Bruhke,ibruhke3f,891-355-6651,ibruhke3f@zdnet.com,3
35-8682711,Savina,Studholme,sstudholme3g,841-784-6870,sstudholme3g@goo.ne.jp,1
48-6541764,Roby,Sargeaunt,rsargeaunt3h,728-528-7373,rsargeaunt3h@domainmarket.com,4
44-0744699,Kenn,Kidde,kkidde3i,455-907-1725,kkidde3i@soup.io,5
23-1481881,Dean,Bradie,dbradie3j,419-941-8729,dbradie3j@yahoo.co.jp,3
64-3229021,Tyson,Bodycombe,tbodycombe3k,230-164-9970,tbodycombe3k@sina.com.cn,7
32-2218817,Horatia,Theis,htheis3l,365-546-9614,htheis3l@eventbrite.com,6
42-6430964,Van,Manlow,vmanlow3m,179-515-9976,vmanlow3m@hatena.ne.jp,5
78-3272623,Dev,Eric,deric3n,105-624-8751,deric3n@pcworld.com,7
81-4910379,Pietrek,Lashmar,plashmar3o,259-795-0152,plashmar3o@fotki.com,3
31-4205758,Betteann,McArt,bmcart3p,638-806-1988,bmcart3p@xing.com,6
78-9727021,Harwilll,Terne,hterne3q,546-947-6618,hterne3q@fc2.com,7
53-9221872,Merell,Hucquart,mhucquart3r,368-723-9818,mhucquart3r@europa.eu,2
66-6156595,Martyn,Sacker,msacker3s,766-875-4116,msacker3s@theglobeandmail.com,1
20-7007693,Osmund,Rubrow,orubrow3t,653-694-3364,orubrow3t@hc360.com,5
50-1942224,Irwin,Jeffress,ijeffress3u,981-498-0838,ijeffress3u@shareasale.com,1
61-2512377,Mellisent,Lile,mlile3v,350-970-4699,mlile3v@edublogs.org,7
49-6830374,Ryann,Tack,rtack3w,278-706-2377,rtack3w@cnbc.com,3
14-7564901,Rogers,Pippin,rpippin3x,177-475-7165,rpippin3x@pcworld.com,4
65-4545540,Jacklin,Keppin,jkeppin3y,853-732-6381,jkeppin3y@pbs.org,2
86-2105464,Terri,Eastby,teastby3z,849-761-3569,teastby3z@admin.ch,4
60-7220985,Ellissa,Shillum,eshillum40,787-161-5692,eshillum40@apple.com,1
93-6269273,Terrill,Semmens,tsemmens41,178-422-0515,tsemmens41@webnode.com,1
05-5322886,Randolph,Cutmare,rcutmare42,832-255-4169,rcutmare42@baidu.com,3
57-8201565,Martha,Meddings,mmeddings43,735-251-9847,mmeddings43@prnewswire.com,7
83-5988014,Sela,Stit,sstit44,742-138-5198,sstit44@google.de,2
87-8231242,Berta,Colles,bcolles45,250-551-3886,bcolles45@fastcompany.com,6
71-3225797,Marchall,Holleran,mholleran46,582-376-1105,mholleran46@army.mil,7
10-6210097,Anna-maria,Samett,asamett47,690-323-8195,asamett47@go.com,3
63-5100464,Nedi,Greene,ngreene48,257-528-5434,ngreene48@disqus.com,6
42-4345764,Maurene,Leheude,mleheude49,830-447-1998,mleheude49@hostgator.com,7
79-1654614,Linette,Holburn,lholburn4a,372-772-8956,lholburn4a@mozilla.org,7
36-6064369,Valeria,Ballingal,vballingal4b,766-672-8566,vballingal4b@ox.ac.uk,2
95-6456618,Gayleen,Geke,ggeke4c,695-425-9952,ggeke4c@woothemes.com,1
55-0134208,Boone,Coates,bcoates4d,376-297-4276,bcoates4d@comcast.net,3
53-2021325,Iona,Frowd,ifrowd4e,261-220-3883,ifrowd4e@shareasale.com,5
74-4369966,Lorain,Robillard,lrobillard4f,163-204-2061,lrobillard4f@ow.ly,2
35-9928029,Clotilda,Dripp,cdripp4g,241-756-7347,cdripp4g@tripadvisor.com,7
44-8402400,Erma,Herety,eherety4h,187-587-3270,eherety4h@unc.edu,4
05-7817062,Misti,Fardell,mfardell4i,149-702-3768,mfardell4i@usgs.gov,2
46-6329613,Audry,Dowson,adowson4j,593-567-5213,adowson4j@dion.ne.jp,6
40-7152753,Katusha,Tuxill,ktuxill4k,385-764-5096,ktuxill4k@geocities.com,7
10-1531170,Mirilla,Berzen,mberzen4l,609-901-6547,mberzen4l@time.com,6
61-5786218,Joe,Knivett,jknivett4m,804-282-0277,jknivett4m@multiply.com,3
98-8599868,Casi,Yokel,cyokel4n,829-465-6806,cyokel4n@spotify.com,6
02-9970793,Salomo,Gisburne,sgisburne4o,998-629-2701,sgisburne4o@artisteer.com,5
84-6970240,Blanch,Gronow,bgronow4p,581-966-9850,bgronow4p@ted.com,5
69-7613383,Loleta,Tothe,ltothe4q,882-895-6292,ltothe4q@squidoo.com,5
54-5390962,Maurene,Haggerstone,mhaggerstone4r,492-463-4930,mhaggerstone4r@cocolog-nifty.com,1
98-8127636,Terese,Crossfield,tcrossfield4s,852-677-3911,tcrossfield4s@hc360.com,3
10-7322513,Alvie,Cuppitt,acuppitt4t,426-713-8264,acuppitt4t@answers.com,7
78-1466201,Jordan,Hewson,jhewson4u,250-863-5814,jhewson4u@wired.com,1
48-3065987,Maressa,Daber,mdaber4v,397-632-7574,mdaber4v@psu.edu,4
35-6996048,Brennen,Chattey,bchattey4w,524-851-9176,bchattey4w@usda.gov,1
04-1963562,Hamnet,Reignolds,hreignolds4x,805-509-3520,hreignolds4x@github.com,1
44-4803061,Tana,Grinsted,tgrinsted4y,278-715-3531,tgrinsted4y@jimdo.com,5
21-7213541,Oberon,Tideswell,otideswell4z,247-792-2802,otideswell4z@usnews.com,1
56-8364561,Arleta,Canet,acanet50,921-367-6523,acanet50@chicagotribune.com,2
08-5113682,Reeva,Bailie,rbailie51,601-801-7652,rbailie51@tuttocitta.it,2
35-9806503,Felice,Mace,fmace52,329-862-4190,fmace52@alibaba.com,4
29-5981661,Price,Clarkin,pclarkin53,132-287-4147,pclarkin53@usgs.gov,2
77-8512208,Carlen,Goadbie,cgoadbie54,980-925-5882,cgoadbie54@comcast.net,7
69-5866035,Hakeem,Pane,hpane55,913-371-7497,hpane55@nydailynews.com,1
97-4690926,Deanna,Kinder,dkinder56,829-295-1379,dkinder56@disqus.com,7
79-4435365,Reine,Hazelgreave,rhazelgreave57,580-573-5915,rhazelgreave57@blinklist.com,3
11-0557223,Elnore,Bowering,ebowering58,954-167-8455,ebowering58@macromedia.com,2
07-9270375,Esta,Axelbey,eaxelbey59,549-651-3463,eaxelbey59@gnu.org,7
87-9049620,Vida,Llewhellin,vllewhellin5a,943-656-4768,vllewhellin5a@technorati.com,1
34-0636621,Ada,Withrop,awithrop5b,983-205-9423,awithrop5b@sfgate.com,7
18-0581243,Allegra,Haryngton,aharyngton5c,983-367-5744,aharyngton5c@dailymotion.com,6
38-2414211,Gus,Weatherley,gweatherley5d,260-935-0459,gweatherley5d@cnbc.com,3
79-9601725,Rosaleen,Dillaway,rdillaway5e,975-221-0645,rdillaway5e@weather.com,3
15-8232667,Bernardina,Iiannoni,biiannoni5f,644-487-8200,biiannoni5f@feedburner.com,1
27-4064680,Jo,Luetkemeyer,jluetkemeyer5g,340-737-7654,jluetkemeyer5g@google.de,4
96-0881865,Giulia,Dollin,gdollin5h,833-712-9185,gdollin5h@imdb.com,7
14-2305804,Reiko,Francello,rfrancello5i,100-620-5689,rfrancello5i@e-recht24.de,3
84-2454289,Cathee,Josselson,cjosselson5j,254-549-0740,cjosselson5j@shutterfly.com,4
79-4643582,Web,Stockle,wstockle5k,389-581-2828,wstockle5k@buzzfeed.com,5
59-8531944,Abagael,Phillis,aphillis5l,266-716-8117,aphillis5l@youtube.com,2
53-3163455,Stern,Koeppe,skoeppe5m,644-921-1003,skoeppe5m@thetimes.co.uk,2
87-8339000,Reidar,Laurentin,rlaurentin5n,382-271-6618,rlaurentin5n@tinyurl.com,4
21-8156910,Darrel,Culcheth,dculcheth5o,651-505-5026,dculcheth5o@umich.edu,5
34-5503345,Gordy,Goakes,ggoakes5p,463-428-8189,ggoakes5p@reverbnation.com,7
69-5057103,Tymon,Faithfull,tfaithfull5q,836-917-6087,tfaithfull5q@nasa.gov,3
25-9352130,Vernice,Checkley,vcheckley5r,505-893-3032,vcheckley5r@apache.org,3
88-3385682,Jesse,Jealous,jjealous5s,842-183-0442,jjealous5s@gizmodo.com,1
36-8858014,Adena,Jobbing,ajobbing5t,657-298-4939,ajobbing5t@nytimes.com,5
22-3334000,Gracie,Leaney,gleaney5u,986-979-2363,gleaney5u@salon.com,1
23-7852849,Aguie,Otley,aotley5v,658-500-4069,aotley5v@t-online.de,3
09-4699493,Murial,Ahmed,mahmed5w,230-393-0079,mahmed5w@ifeng.com,7
68-5405402,Jessie,Patience,jpatience5x,975-604-4185,jpatience5x@hubpages.com,5
05-1984233,Christos,Boggers,cboggers5y,715-103-1518,cboggers5y@zimbio.com,3
44-3206253,Annaliese,Jiggins,ajiggins5z,371-318-3117,ajiggins5z@stumbleupon.com,2
82-1871394,Carrie,Flintoff,cflintoff60,330-147-4516,cflintoff60@slideshare.net,6
98-9015551,Yehudi,Petrollo,ypetrollo61,603-962-0473,ypetrollo61@umn.edu,6
69-6380867,Jerrilee,Creber,jcreber62,129-695-8541,jcreber62@ifeng.com,5
81-8683729,Danila,Weeks,dweeks63,112-122-6225,dweeks63@bizjournals.com,7
09-8146679,Florrie,Crossthwaite,fcrossthwaite64,626-214-4065,fcrossthwaite64@smh.com.au,5
00-7666167,Husain,Upwood,hupwood65,778-374-7913,hupwood65@hhs.gov,1
10-4860508,Paco,MacRirie,pmacririe66,206-776-3430,pmacririe66@noaa.gov,6
49-6791839,Sarine,Camplin,scamplin67,233-668-0885,scamplin67@google.it,4
64-4697137,Demetra,Chellenham,dchellenham68,859-140-3318,dchellenham68@list-manage.com,1
99-5424327,Leeanne,Rielly,lrielly69,758-418-4478,lrielly69@google.it,5
58-5599436,Loni,Newlyn,lnewlyn6a,972-831-9586,lnewlyn6a@moonfruit.com,3
29-3602568,Randa,Malcolmson,rmalcolmson6b,808-463-4635,rmalcolmson6b@jiathis.com,4
58-6942332,Rozanna,Rennebeck,rrennebeck6c,221-208-2349,rrennebeck6c@economist.com,5
13-4624656,Eolanda,Warbeys,ewarbeys6d,139-589-3651,ewarbeys6d@theatlantic.com,7
46-1875445,Lauralee,Ackery,lackery6e,363-763-8231,lackery6e@hubpages.com,4
35-8015191,Yale,Spenclay,yspenclay6f,461-385-6208,yspenclay6f@illinois.edu,2
15-4188731,Lorry,Petrus,lpetrus6g,426-192-8972,lpetrus6g@squarespace.com,6
70-5453348,Robin,Beldon,rbeldon6h,462-825-7743,rbeldon6h@thetimes.co.uk,2
15-6800649,Eldridge,Yateman,eyateman6i,215-701-6583,eyateman6i@seattletimes.com,6
34-1524053,Laryssa,Shilling,lshilling6j,616-189-7668,lshilling6j@google.pl,7
64-2195215,Alfonse,Sillis,asillis6k,706-658-1601,asillis6k@guardian.co.uk,4
09-4737843,Berkie,Westcarr,bwestcarr6l,143-802-3299,bwestcarr6l@omniture.com,5
35-7295093,Hart,Sucre,hsucre6m,574-150-8698,hsucre6m@intel.com,3
91-5001591,Casie,Hinkins,chinkins6n,226-312-7254,chinkins6n@cisco.com,1
77-6522367,Pavlov,Richt,pricht6o,776-347-6188,pricht6o@uiuc.edu,5
49-8151537,Hervey,Wesson,hwesson6p,809-200-9369,hwesson6p@google.ca,1
32-6759145,Dayna,O'Lunny,dolunny6q,480-123-2072,dolunny6q@themeforest.net,3
98-3676271,Viviana,Clementucci,vclementucci6r,213-317-2491,vclementucci6r@canalblog.com,4
84-5696268,Drusi,Durek,ddurek6s,915-709-0407,ddurek6s@nps.gov,6
39-2460807,Carey,Robbe,crobbe6t,276-718-1320,crobbe6t@house.gov,1
60-5614943,Courtnay,Wolfendell,cwolfendell6u,931-480-0788,cwolfendell6u@newsvine.com,1
09-2493460,Archy,Snoxill,asnoxill6v,294-728-4575,asnoxill6v@wordpress.org,6
85-1923661,Irina,Gauntlett,igauntlett6w,887-760-5860,igauntlett6w@google.com.au,7
06-2978082,Sharleen,Geffen,sgeffen6x,984-637-6167,sgeffen6x@wix.com,4
70-0634684,Perrine,Gregoriou,pgregoriou6y,883-884-3954,pgregoriou6y@yolasite.com,5
25-1074965,Joby,Courvert,jcourvert6z,992-411-8691,jcourvert6z@nymag.com,4
22-6263830,Em,Denkel,edenkel70,229-560-3313,edenkel70@diigo.com,3
92-7454462,Jehu,Geffen,jgeffen71,852-231-9741,jgeffen71@discovery.com,2
55-7212630,Itch,Skala,iskala72,720-702-1132,iskala72@mit.edu,1
73-2297999,Stephen,Goodbody,sgoodbody73,421-323-0821,sgoodbody73@google.es,7
74-3723564,Lori,Sammon,lsammon74,439-198-4939,lsammon74@instagram.com,6
24-2296317,Thorin,Ende,tende75,402-376-4921,tende75@123-reg.co.uk,2
35-0641853,Maighdiln,Widdecombe,mwiddecombe76,873-992-8443,mwiddecombe76@photobucket.com,3
63-3639977,Tucker,Leggon,tleggon77,510-579-6439,tleggon77@cbsnews.com,3
10-1183742,Jermaine,McLugaish,jmclugaish78,119-508-3651,jmclugaish78@mit.edu,7
06-8747556,Harmon,Earland,hearland79,285-629-2933,hearland79@jugem.jp,3
54-9270845,Arlene,Tasseler,atasseler7a,868-496-6157,atasseler7a@prnewswire.com,2
10-9191788,Scarface,McKain,smckain7b,631-486-5052,smckain7b@unicef.org,3
89-9420624,Alexandre,Dartnall,adartnall7c,797-356-5051,adartnall7c@360.cn,4
98-0773690,Farrand,Clayborn,fclayborn7d,730-775-6227,fclayborn7d@narod.ru,4
87-1102462,Eula,Frandsen,efrandsen7e,970-696-8379,efrandsen7e@tripadvisor.com,2
37-7964318,Schuyler,Chippendale,schippendale7f,545-685-9230,schippendale7f@blog.com,5
78-5204596,Julianne,Plowell,jplowell7g,160-783-6862,jplowell7g@myspace.com,4
73-5876381,Philly,Iddon,piddon7h,120-507-8337,piddon7h@wiley.com,2
75-4613345,Brietta,Boise,bboise7i,300-482-1509,bboise7i@people.com.cn,1
49-7462415,Giusto,Castiglio,gcastiglio7j,598-620-2444,gcastiglio7j@usnews.com,6
59-4404662,Jedidiah,Joyce,jjoyce7k,598-858-5688,jjoyce7k@sfgate.com,4
89-9332055,Derril,Tolotti,dtolotti7l,539-835-9549,dtolotti7l@about.com,4
98-2579450,Patric,Morit,pmorit7m,861-937-6727,pmorit7m@omniture.com,4
40-2740955,Johna,Zipsell,jzipsell7n,589-431-0289,jzipsell7n@theguardian.com,7
00-2363323,Micah,Leyfield,mleyfield7o,983-938-9091,mleyfield7o@xrea.com,1
41-6020187,Yoshiko,Sollon,ysollon7p,936-166-1444,ysollon7p@4shared.com,1
45-6316506,Conway,Oblein,coblein7q,854-411-5588,coblein7q@blog.com,2
45-1351999,Rorke,Toovey,rtoovey7r,652-337-2228,rtoovey7r@clickbank.net,2
02-8159029,Yasmeen,Brandrick,ybrandrick7s,723-772-6713,ybrandrick7s@amazon.co.uk,5
41-9557103,Rock,Eayres,reayres7t,377-551-1006,reayres7t@fotki.com,3
20-1683508,Clerkclaude,Fessby,cfessby7u,889-258-4889,cfessby7u@google.com.br,1
55-0418742,Benedicta,Paulton,bpaulton7v,480-975-1608,bpaulton7v@foxnews.com,7
81-1446090,Tamra,Fallowes,tfallowes7w,677-397-4371,tfallowes7w@angelfire.com,2
27-8185008,Elsi,Pimm,epimm7x,309-268-4272,epimm7x@sciencedirect.com,2
79-6893317,Andrea,Scales,ascales7y,556-562-8523,ascales7y@naver.com,1
60-1245266,Ira,Greenset,igreenset7z,771-619-4838,igreenset7z@cdc.gov,6
09-9807068,Annadiane,Rotte,arotte80,407-427-9800,arotte80@china.com.cn,1
95-9625636,Abey,Deverock,adeverock81,574-165-9931,adeverock81@geocities.jp,3
63-8843482,Ulrich,Cranmore,ucranmore82,672-776-0749,ucranmore82@vinaora.com,4
80-5417156,Eddy,Fass,efass83,230-750-1622,efass83@dot.gov,7
87-5853375,Obed,Tremonte,otremonte84,996-788-9968,otremonte84@newyorker.com,7
40-7338773,Maurene,Hawthorn,mhawthorn85,863-646-7452,mhawthorn85@jiathis.com,4
64-7830163,Gunilla,Gunthorpe,ggunthorpe86,143-455-5237,ggunthorpe86@edublogs.org,4
47-0990369,Edwina,De Matteis,edematteis87,538-853-3234,edematteis87@senate.gov,5
15-9765728,Barbie,Keel,bkeel88,111-770-4170,bkeel88@ameblo.jp,2
54-1264821,Opalina,Sacaze,osacaze89,694-996-8758,osacaze89@blogger.com,4
38-7034407,Inigo,Lamprecht,ilamprecht8a,252-475-4179,ilamprecht8a@npr.org,3
86-3451790,Rossie,Railton,rrailton8b,492-608-0943,rrailton8b@usgs.gov,1
68-7834611,Lucila,Gogan,lgogan8c,840-655-2069,lgogan8c@ed.gov,1
09-9099790,Adams,Blasi,ablasi8d,167-763-7785,ablasi8d@ifeng.com,2
34-2984087,Freeman,Obray,fobray8e,887-467-0940,fobray8e@twitter.com,6
29-8364094,Torie,Speirs,tspeirs8f,193-191-6825,tspeirs8f@harvard.edu,2
38-0318294,Gerhard,Dobsons,gdobsons8g,749-881-0998,gdobsons8g@reference.com,5
40-3916148,Brietta,MacKellen,bmackellen8h,722-619-1809,bmackellen8h@tripod.com,2
29-9330363,Javier,Harbottle,jharbottle8i,269-560-2032,jharbottle8i@booking.com,2
79-6382867,Ty,Radish,tradish8j,856-417-6788,tradish8j@networksolutions.com,4
25-3102203,Lyle,Feary,lfeary8k,998-502-1368,lfeary8k@rakuten.co.jp,5
55-7642855,Harp,Orton,horton8l,953-980-7143,horton8l@cpanel.net,1
87-3109309,Kienan,Peniman,kpeniman8m,828-875-2398,kpeniman8m@barnesandnoble.com,6
24-7548134,Caddric,Godain,cgodain8n,628-332-3673,cgodain8n@constantcontact.com,6
22-7324716,Sher,MacKenzie,smackenzie8o,905-351-0719,smackenzie8o@jugem.jp,7
68-1681736,Shannah,Vyel,svyel8p,637-475-2688,svyel8p@vkontakte.ru,3
26-5416686,Creigh,Gresly,cgresly8q,165-998-7764,cgresly8q@engadget.com,3
22-2400246,Gerardo,Joselovitch,gjoselovitch8r,129-828-9491,gjoselovitch8r@youtu.be,1
26-3461333,Colline,Stroban,cstroban8s,362-587-0892,cstroban8s@surveymonkey.com,4
31-4756549,Kalila,Raeburn,kraeburn8t,961-594-0500,kraeburn8t@go.com,1
11-6824448,Brigida,Haysman,bhaysman8u,986-461-2196,bhaysman8u@tripod.com,6
79-9019401,Sebastiano,Blazej,sblazej8v,120-737-3065,sblazej8v@nature.com,6
18-1656869,Catrina,Taunton.,ctaunton8w,221-100-0129,ctaunton8w@exblog.jp,2
98-3097403,Adey,Valintine,avalintine8x,876-142-6785,avalintine8x@geocities.jp,4
71-5940830,Elysha,Fadden,efadden8y,140-727-5096,efadden8y@barnesandnoble.com,5
84-9684252,Christoper,Bothwell,cbothwell8z,895-111-8472,cbothwell8z@creativecommons.org,6
66-7803261,Laure,Gregori,lgregori90,948-578-1885,lgregori90@ft.com,3
33-6936606,Lyon,Nornasell,lnornasell91,665-701-3893,lnornasell91@wikispaces.com,2
41-0491825,Parnell,Masham,pmasham92,183-972-0329,pmasham92@sourceforge.net,7
56-2318420,Erny,Tesyro,etesyro93,279-903-6396,etesyro93@w3.org,2
62-0289354,Gena,Caro,gcaro94,839-852-8966,gcaro94@abc.net.au,2
11-2034390,Nari,Eatherton,neatherton95,767-373-0069,neatherton95@amazonaws.com,2
88-9380500,Elroy,Ciabatteri,eciabatteri96,854-590-0681,eciabatteri96@hatena.ne.jp,7
57-2789530,Maggi,Stoffler,mstoffler97,765-913-3191,mstoffler97@technorati.com,7
78-5975116,Melony,Luggar,mluggar98,597-766-1096,mluggar98@diigo.com,7
08-3648993,Jyoti,Dufer,jdufer99,171-594-1724,jdufer99@mozilla.com,3
19-8533159,Leroy,Hindsberg,lhindsberg9a,429-443-2838,lhindsberg9a@drupal.org,3
99-0883103,Flss,Patching,fpatching9b,417-994-1541,fpatching9b@printfriendly.com,6
42-3861852,Kaela,Dilston,kdilston9c,934-201-1779,kdilston9c@parallels.com,3
16-4524211,Brooke,Doddemeede,bdoddemeede9d,887-977-6479,bdoddemeede9d@wikimedia.org,6
38-9409036,Andris,Gytesham,agytesham9e,785-379-2937,agytesham9e@ucsd.edu,2
25-1639983,Wyn,Barlie,wbarlie9f,753-875-7608,wbarlie9f@nymag.com,1
04-2634485,Norean,Defrain,ndefrain9g,846-243-6155,ndefrain9g@live.com,1
88-3550930,Freddie,Blodgetts,fblodgetts9h,707-765-2256,fblodgetts9h@sphinn.com,3
39-6787199,Farris,Ratnege,fratnege9i,166-236-2517,fratnege9i@google.es,4
16-8581494,Hirsch,Jesper,hjesper9j,725-197-4889,hjesper9j@bing.com,6
48-0935756,Dido,Sparway,dsparway9k,698-710-3069,dsparway9k@youku.com,7
73-4085428,Davin,Maidens,dmaidens9l,127-492-5145,dmaidens9l@archive.org,2
74-6728870,Harley,Brouncker,hbrouncker9m,172-851-2021,hbrouncker9m@marriott.com,5
59-2776625,Crystie,Janeczek,cjaneczek9n,336-880-1567,cjaneczek9n@nature.com,2
68-3374458,Dara,Higginbottam,dhigginbottam9o,333-870-8797,dhigginbottam9o@bbc.co.uk,5
01-5447270,Bel,Dodswell,bdodswell9p,895-404-1228,bdodswell9p@earthlink.net,6
40-4389143,Balduin,Thorn,bthorn9q,699-150-4815,bthorn9q@furl.net,7
61-7979908,Zea,Canada,zcanada9r,747-665-3101,zcanada9r@google.com,4
37-6566082,Evelyn,Bride,ebride9s,493-111-5810,ebride9s@is.gd,2
29-5709437,Jefferson,Strephan,jstrephan9t,503-681-7294,jstrephan9t@devhub.com,6
46-9805897,Barbey,Gatley,bgatley9u,126-513-2897,bgatley9u@engadget.com,2
37-4910100,Malvin,Commin,mcommin9v,300-837-3022,mcommin9v@facebook.com,4
57-4424955,Ashlan,Sweed,asweed9w,813-899-3085,asweed9w@uol.com.br,6
37-1092129,Ronnica,Chesher,rchesher9x,944-445-1382,rchesher9x@google.com.br,2
53-1127405,Vivianna,Tooker,vtooker9y,948-303-3519,vtooker9y@arizona.edu,4
15-7907034,Taryn,O'Sesnane,tosesnane9z,703-633-8432,tosesnane9z@reddit.com,1
34-6216287,Adora,Eykel,aeykela0,693-955-8721,aeykela0@domainmarket.com,7
88-5118395,Kimble,Barnaclough,kbarnaclougha1,734-822-6112,kbarnaclougha1@sakura.ne.jp,1
07-2273453,Zsa zsa,St. Clair,zstclaira2,687-439-4848,zstclaira2@sohu.com,7
79-5304080,Bernie,Avramchik,bavramchika3,931-489-4902,bavramchika3@redcross.org,2
25-2034225,Codee,Itscovitz,citscovitza4,314-342-3873,citscovitza4@so-net.ne.jp,3
84-2951842,Lurleen,Elderbrant,lelderbranta5,460-446-7521,lelderbranta5@youku.com,6
18-5574543,Karlie,Bertomeu,kbertomeua6,877-169-4090,kbertomeua6@latimes.com,4
47-4576195,Agneta,Nowakowska,anowakowskaa7,687-155-1766,anowakowskaa7@wiley.com,3
34-5095977,Cooper,Bouldon,cbouldona8,245-968-8194,cbouldona8@craigslist.org,4
84-7878877,Aigneis,Barnaby,abarnabya9,884-862-9385,abarnabya9@shareasale.com,1
29-6094331,Cyrille,Rosenzwig,crosenzwigaa,165-210-1745,crosenzwigaa@devhub.com,1
36-1793368,Gerhardine,Brind,gbrindab,921-747-0490,gbrindab@dagondesign.com,3
60-5261389,Filip,Kleisel,fkleiselac,960-692-5803,fkleiselac@tiny.cc,7
48-5045597,Emera,Giorgielli,egiorgielliad,587-756-0243,egiorgielliad@redcross.org,1
55-7522295,Jessie,Piggott,jpiggottae,633-943-5406,jpiggottae@usnews.com,2
44-6885405,Mattie,Pennings,mpenningsaf,505-377-5332,mpenningsaf@geocities.jp,4
26-1964502,Rowen,Brombell,rbrombellag,330-673-4077,rbrombellag@bizjournals.com,7
69-7219439,Rainer,Gulland,rgullandah,185-556-3881,rgullandah@bloglovin.com,4
05-8493530,Gloriana,McClaughlin,gmcclaughlinai,375-909-6852,gmcclaughlinai@wisc.edu,5
58-7322231,Tiffie,Wilby,twilbyaj,267-797-4766,twilbyaj@unblog.fr,1
39-5440756,Cyrill,Attreed,cattreedak,165-913-8902,cattreedak@timesonline.co.uk,7
28-8093146,Nicoline,Beacon,nbeaconal,124-771-1162,nbeaconal@bing.com,2
75-6594781,Margaux,Carillo,mcarilloam,729-226-7013,mcarilloam@bigcartel.com,4
19-9944712,Natal,Arnholz,narnholzan,610-777-8084,narnholzan@wordpress.com,5
93-9828257,Silvana,Pinkstone,spinkstoneao,619-159-0668,spinkstoneao@home.pl,1
89-6717621,Pooh,Tift,ptiftap,812-901-0357,ptiftap@fda.gov,7
24-7496071,Ursola,Espinoza,uespinozaaq,488-969-3427,uespinozaaq@vimeo.com,4
58-1359581,Gussi,Stede,gstedear,757-610-0388,gstedear@cnet.com,6
46-3441188,Cristin,Bock,cbockas,964-269-8169,cbockas@redcross.org,3
61-1155717,Rivi,Notley,rnotleyat,373-207-3598,rnotleyat@google.com.br,1
22-6947469,Eula,Gooderridge,egooderridgeau,494-946-9817,egooderridgeau@dailymotion.com,2
99-3510951,Michelina,Mongain,mmongainav,258-292-6733,mmongainav@is.gd,4
95-8260783,Niall,Podd,npoddaw,818-120-8280,npoddaw@nytimes.com,7
93-2560251,Oona,Muspratt,omusprattax,636-372-0998,omusprattax@ihg.com,1
74-4452715,Camey,Hurche,churcheay,481-392-3856,churcheay@biblegateway.com,6
54-3939148,Ritchie,Samper,rsamperaz,370-276-8294,rsamperaz@independent.co.uk,2
35-7052512,Redford,Peasee,rpeaseeb0,880-534-6168,rpeaseeb0@etsy.com,5
11-9369374,Binky,Knightly,bknightlyb1,608-447-6998,bknightlyb1@squarespace.com,6
99-7945648,Dav,Duggen,dduggenb2,492-295-7704,dduggenb2@simplemachines.org,7
67-9854929,Valentia,De Banke,vdebankeb3,427-718-7711,vdebankeb3@globo.com,2
35-0780087,Simone,Mohring,smohringb4,907-559-9954,smohringb4@devhub.com,1
74-4079925,Eddy,Rupel,erupelb5,431-707-6762,erupelb5@walmart.com,6
16-4836315,Barbie,Farnish,bfarnishb6,646-897-5154,bfarnishb6@nyu.edu,4
57-1008755,Kit,Gronw,kgronwb7,953-555-1694,kgronwb7@prnewswire.com,6
14-2131464,Matty,De Courtney,mdecourtneyb8,558-515-7907,mdecourtneyb8@paginegialle.it,3
06-9900766,Joell,Petschelt,jpetscheltb9,914-539-4960,jpetscheltb9@multiply.com,5
61-5223640,Denney,Berrane,dberraneba,909-442-6048,dberraneba@cargocollective.com,6
39-4496705,Phillip,Burnel,pburnelbb,838-726-0879,pburnelbb@webeden.co.uk,6
05-7143254,Artus,Eberz,aeberzbc,631-958-0761,aeberzbc@discovery.com,5
18-5397214,Thornie,Verduin,tverduinbd,671-820-3337,tverduinbd@wikipedia.org,2
17-1827334,Lou,Saint,lsaintbe,799-792-4966,lsaintbe@seattletimes.com,6
09-7211502,Krissy,Tribell,ktribellbf,502-628-8838,ktribellbf@technorati.com,5
65-3317761,Free,Blindt,fblindtbg,385-331-7934,fblindtbg@cocolog-nifty.com,2
84-7672351,Davis,Le Bosse,dlebossebh,662-604-1515,dlebossebh@dailymail.co.uk,2
77-3721787,Galvin,Cheetam,gcheetambi,455-493-8808,gcheetambi@ameblo.jp,5
30-0277657,Brigida,Wilflinger,bwilflingerbj,915-709-8360,bwilflingerbj@shareasale.com,4
10-5881984,Mahmud,Mouget,mmougetbk,438-860-2970,mmougetbk@naver.com,5
11-5349571,Benedicto,Stapels,bstapelsbl,560-449-4486,bstapelsbl@google.de,5
38-9986776,Hamel,Authers,hauthersbm,834-697-3469,hauthersbm@wikispaces.com,7
27-2331399,Taite,Masterson,tmastersonbn,616-387-0294,tmastersonbn@webmd.com,1
34-8113270,Koo,Steed,ksteedbo,993-461-4338,ksteedbo@moonfruit.com,6
24-4587190,Elsworth,Hugonneau,ehugonneaubp,218-932-7763,ehugonneaubp@nps.gov,2
28-0011979,Reynard,Dudley,rdudleybq,856-190-0045,rdudleybq@reverbnation.com,4
83-0151607,Boris,Flawith,bflawithbr,763-359-1657,bflawithbr@twitter.com,4
49-1039598,Rosaleen,Willes,rwillesbs,206-523-6771,rwillesbs@cmu.edu,7
46-8082571,Giovanni,Bellham,gbellhambt,138-767-8632,gbellhambt@cbslocal.com,6
85-6021967,Arron,Rolles,arollesbu,465-884-0299,arollesbu@dropbox.com,5
57-9887720,Kattie,Tessier,ktessierbv,948-208-2030,ktessierbv@examiner.com,1
95-6615114,Mikaela,Gobbet,mgobbetbw,816-434-3315,mgobbetbw@foxnews.com,4
32-2718060,Cello,Leathart,cleathartbx,444-953-2570,cleathartbx@wisc.edu,2
29-0223963,Heinrick,Soots,hsootsby,374-465-1390,hsootsby@harvard.edu,3
20-7170846,Benjy,Brabham,bbrabhambz,529-644-7998,bbrabhambz@walmart.com,3
10-8413912,Erna,Mattack,emattackc0,110-599-8813,emattackc0@cloudflare.com,3
75-8042907,Maddalena,Pidduck,mpidduckc1,741-333-4183,mpidduckc1@feedburner.com,2
80-9024082,Jaime,Firminger,jfirmingerc2,598-215-8459,jfirmingerc2@fotki.com,1
80-2801301,Edwina,Jelf,ejelfc3,919-345-9242,ejelfc3@artisteer.com,7
91-5317939,Alexandr,Parkhouse,aparkhousec4,296-204-9829,aparkhousec4@vkontakte.ru,1
16-3675332,Vick,Dunnan,vdunnanc5,215-718-6611,vdunnanc5@unicef.org,7
26-5816119,Sebastiano,Lothlorien,slothlorienc6,446-654-2098,slothlorienc6@wiley.com,5
40-1548240,Audi,Lefeuvre,alefeuvrec7,588-341-0436,alefeuvrec7@shinystat.com,3
18-9337478,Celestia,Walworche,cwalworchec8,408-233-4859,cwalworchec8@nsw.gov.au,5
96-2614759,Lou,Magog,lmagogc9,427-530-0291,lmagogc9@tripadvisor.com,7
83-4103847,Gordie,Casero,gcaseroca,929-139-4517,gcaseroca@lulu.com,6
65-9279457,Rafaello,Trorey,rtroreycb,903-712-9816,rtroreycb@businessinsider.com,5
00-8111065,Kirstyn,Jon,kjoncc,896-247-0041,kjoncc@google.ca,4
17-6534827,Constantine,Mewitt,cmewittcd,857-528-2444,cmewittcd@ibm.com,1
61-9695587,Clarke,Woolway,cwoolwayce,876-611-1029,cwoolwayce@example.com,4
00-1684932,Mamie,Rhubottom,mrhubottomcf,903-549-3099,mrhubottomcf@domainmarket.com,3
20-8156851,Lynsey,Tunnacliffe,ltunnacliffecg,439-771-2352,ltunnacliffecg@usgs.gov,3
87-2289781,Stan,Pena,spenach,409-165-1892,spenach@pinterest.com,1
01-9597817,Ali,Gauch,agauchci,357-487-8946,agauchci@myspace.com,2
13-5624363,Lilly,Deeble,ldeeblecj,781-708-7112,ldeeblecj@freewebs.com,6
03-5658224,Kelci,Maseyk,kmaseykck,776-261-3453,kmaseykck@addthis.com,2
06-1740497,Tabor,Guyot,tguyotcl,995-993-9657,tguyotcl@printfriendly.com,2
67-7733964,Delly,Mattschas,dmattschascm,915-458-8188,dmattschascm@prlog.org,6
60-7678123,Dorolice,Leadley,dleadleycn,105-511-0011,dleadleycn@tiny.cc,2
64-0086590,Ginger,Blunkett,gblunkettco,842-834-0946,gblunkettco@earthlink.net,2
40-5410432,Wren,Telfer,wtelfercp,777-152-6559,wtelfercp@goo.gl,6
30-8216536,Efrem,Oseland,eoselandcq,883-220-6407,eoselandcq@bizjournals.com,3
96-8257385,Brice,Brolly,bbrollycr,302-176-0460,bbrollycr@cisco.com,5
14-9691097,Shena,Adrienne,sadriennecs,669-455-7555,sadriennecs@usatoday.com,1
41-2118911,Hughie,Maseyk,hmaseykct,528-406-2485,hmaseykct@issuu.com,3
75-8551793,Francklin,Linforth,flinforthcu,394-392-3361,flinforthcu@marketwatch.com,7
04-6316100,Mario,Dodsley,mdodsleycv,215-573-8722,mdodsleycv@zimbio.com,1
90-3346153,Audi,Alderwick,aalderwickcw,194-780-8847,aalderwickcw@woothemes.com,7
54-1497499,Estell,Divill,edivillcx,469-390-4354,edivillcx@t-online.de,3
54-2673453,Andeee,Sinton,asintoncy,783-506-1964,asintoncy@instagram.com,2
78-0330162,Denver,Caldecutt,dcaldecuttcz,919-945-3772,dcaldecuttcz@mysql.com,6
12-1617919,Laney,Crosland,lcroslandd0,217-227-1075,lcroslandd0@parallels.com,7
67-9045616,Martynne,Piesold,mpiesoldd1,194-236-9622,mpiesoldd1@samsung.com,7
58-9492939,Hortensia,Haughin,hhaughind2,313-624-1382,hhaughind2@apache.org,6
94-7860115,Rriocard,Acuna,racunad3,469-548-4481,racunad3@plala.or.jp,5
56-3935481,Peadar,Sherbrooke,psherbrooked4,714-608-4488,psherbrooked4@opera.com,4
06-7361856,Charlean,Diwell,cdiwelld5,506-205-1153,cdiwelld5@npr.org,2
34-5707190,Wenda,Uvedale,wuvedaled6,298-128-2622,wuvedaled6@state.gov,4
92-8664816,Dolf,Begwell,dbegwelld7,603-115-9399,dbegwelld7@census.gov,5
01-3775778,Carlota,Cody,ccodyd8,317-813-2666,ccodyd8@hexun.com,1
43-3674266,Aarika,Allanby,aallanbyd9,791-564-6998,aallanbyd9@cmu.edu,6
26-7288931,Shalom,Digance,sdiganceda,983-732-6643,sdiganceda@pen.io,5
29-9830380,Ahmed,Cordall,acordalldb,907-463-7373,acordalldb@psu.edu,7
59-5650330,Ruthann,Ashby,rashbydc,577-759-1233,rashbydc@eepurl.com,3
20-9174548,Philbert,Zannotti,pzannottidd,134-607-5877,pzannottidd@pcworld.com,1
31-3384844,Teddy,Murdie,tmurdiede,984-277-5876,tmurdiede@bigcartel.com,4
59-4567916,Duane,Hanrahan,dhanrahandf,195-858-6195,dhanrahandf@census.gov,4
10-5218829,Lyndell,Kick,lkickdg,308-399-8456,lkickdg@walmart.com,3
63-7183982,Sherlocke,Busson,sbussondh,784-470-2464,sbussondh@statcounter.com,1
74-8345087,Husein,Fogarty,hfogartydi,870-648-0665,hfogartydi@wikimedia.org,4
02-7661790,Isak,Shipman,ishipmandj,996-707-7639,ishipmandj@histats.com,3
38-9656842,Bartram,Cocks,bcocksdk,324-300-4214,bcocksdk@php.net,7
89-8032543,Goddard,Breckon,gbreckondl,150-624-1651,gbreckondl@theglobeandmail.com,6
79-0084599,Orin,Pascoe,opascoedm,145-901-6621,opascoedm@nyu.edu,7
35-3633357,Bert,Taunton,btauntondn,877-314-5447,btauntondn@about.me,5
90-7276736,Lark,Kerin,lkerindo,631-425-8472,lkerindo@apple.com,5
90-8802978,Pia,Bagge,pbaggedp,528-576-2292,pbaggedp@macromedia.com,2
12-0950107,Celka,Orridge,corridgedq,120-950-0737,corridgedq@t.co,4
98-9842963,Claudell,Brewer,cbrewerdr,136-375-9754,cbrewerdr@prweb.com,7
34-4100212,Pattie,Grimditch,pgrimditchds,834-370-5710,pgrimditchds@printfriendly.com,1
56-3738468,Maridel,O'Curneen,mocurneendt,947-678-3413,mocurneendt@gravatar.com,7
21-7503524,Salomo,Lubbock,slubbockdu,515-528-6617,slubbockdu@bing.com,6
80-8074373,Raquela,Peploe,rpeploedv,238-906-4288,rpeploedv@ebay.com,1
36-2762664,Wally,Champion,wchampiondw,155-912-3697,wchampiondw@creativecommons.org,7
06-8638438,Farly,Zywicki,fzywickidx,191-187-3806,fzywickidx@123-reg.co.uk,7
27-2890107,Merrel,Leupoldt,mleupoldtdy,626-155-6301,mleupoldtdy@newyorker.com,1
83-6490080,Daniele,Bonaire,dbonairedz,620-150-0281,dbonairedz@pbs.org,4
24-1517514,Mariel,Whifen,mwhifene0,794-411-4581,mwhifene0@arstechnica.com,6
51-4606264,Aubrie,Clunie,acluniee1,349-541-4262,acluniee1@joomla.org,7
18-5362775,Raoul,Veitch,rveitche2,215-826-5234,rveitche2@umich.edu,2
06-6402922,Oriana,Buckenham,obuckenhame3,967-475-5571,obuckenhame3@earthlink.net,6
19-6197588,Denys,McGooch,dmcgooche4,599-976-9409,dmcgooche4@blogspot.com,5
13-1757151,Jedidiah,Pinshon,jpinshone5,200-225-0050,jpinshone5@tripod.com,2
61-6103324,Andris,Hyndman,ahyndmane6,690-658-7015,ahyndmane6@wikia.com,2
39-2691572,Kettie,Ratley,kratleye7,562-785-9125,kratleye7@wiley.com,3
97-4993382,Torey,Dellit,tdellite8,625-815-5290,tdellite8@cloudflare.com,7
68-0377653,Ardelle,Lynagh,alynaghe9,764-516-0649,alynaghe9@infoseek.co.jp,7
93-8616036,Red,Pevie,rpevieea,949-166-6578,rpevieea@cdbaby.com,1
85-2014457,Ara,Beaman,abeamaneb,619-607-2252,abeamaneb@ucla.edu,5
12-2077077,Ekaterina,Stert,estertec,315-230-1008,estertec@istockphoto.com,2
36-4951705,Freedman,Reeveley,freeveleyed,782-852-6107,freeveleyed@skyrock.com,5
30-9096975,Kenny,Eltune,keltuneee,826-756-0894,keltuneee@360.cn,7
49-3633977,Bran,Freed,bfreedef,558-840-3935,bfreedef@bravesites.com,3
54-8164990,Eziechiele,Guise,eguiseeg,929-175-6892,eguiseeg@fotki.com,3
07-2682342,Vittoria,Dafter,vdaftereh,440-495-9156,vdaftereh@bandcamp.com,1
04-6463201,Athene,Stolli,astolliei,260-259-1508,astolliei@digg.com,2
39-4261492,Abbey,Michell,amichellej,703-168-4655,amichellej@uiuc.edu,3
71-1663696,Flor,Aberkirder,faberkirderek,818-139-1816,faberkirderek@ihg.com,6
72-9703513,Charmian,Pickthorn,cpickthornel,342-443-1181,cpickthornel@networksolutions.com,3
32-4598567,Bernete,Alldred,balldredem,426-437-2504,balldredem@pinterest.com,2
58-5791475,Steffen,Duddy,sduddyen,850-793-7372,sduddyen@hugedomains.com,1
55-2874642,Nessa,Gruszka,ngruszkaeo,685-923-4988,ngruszkaeo@archive.org,1
45-0771674,Babita,O'Shaughnessy,boshaughnessyep,270-801-2621,boshaughnessyep@europa.eu,6
95-6085085,Richart,Finker,rfinkereq,184-119-3775,rfinkereq@barnesandnoble.com,4
59-7685353,Carolin,Ace,caceer,899-619-2173,caceer@odnoklassniki.ru,4
25-4113533,Terence,Kettridge,tkettridgees,538-551-2041,tkettridgees@devhub.com,6
55-8813671,Cammy,Alpes,calpeset,179-526-4688,calpeset@acquirethisname.com,4
60-2966400,Jephthah,Wipper,jwippereu,750-597-3165,jwippereu@army.mil,7
09-6630520,Sorcha,MacShirie,smacshirieev,216-320-5476,smacshirieev@livejournal.com,6
86-7411486,Benedick,Brizell,bbrizellew,772-772-4269,bbrizellew@foxnews.com,3
19-1201657,Konstantin,Orgill,korgillex,489-910-1525,korgillex@hud.gov,1
99-8273508,Juliet,Tome,jtomeey,414-398-9139,jtomeey@wordpress.com,7
13-0477842,Keenan,Veale,kvealeez,778-506-1309,kvealeez@webs.com,1
53-8301471,Theo,Gemeau,tgemeauf0,815-155-1522,tgemeauf0@jugem.jp,7
69-8447939,Paige,Beumant,pbeumantf1,118-100-5168,pbeumantf1@unicef.org,3
93-8965103,Dodi,Smoughton,dsmoughtonf2,667-288-9023,dsmoughtonf2@privacy.gov.au,6
40-7148227,Colet,Case,ccasef3,920-484-0355,ccasef3@virginia.edu,6
95-5810814,Obed,Epperson,oeppersonf4,143-317-7024,oeppersonf4@ehow.com,7
01-5451273,Clara,Wickersley,cwickersleyf5,482-401-4849,cwickersleyf5@cmu.edu,3
59-3122924,Alene,Levene,alevenef6,240-473-7411,alevenef6@1688.com,2
88-3013697,Greggory,Hrihorovich,ghrihorovichf7,424-133-8535,ghrihorovichf7@xrea.com,6
21-3578187,Patty,Cotherill,pcotherillf8,977-822-5629,pcotherillf8@bloglovin.com,6
40-5207598,Roda,Davitt,rdavittf9,318-472-6512,rdavittf9@live.com,3
74-9876783,Laura,Matteini,lmatteinifa,887-838-3098,lmatteinifa@sun.com,5
92-7251391,Lennard,Prandin,lprandinfb,714-934-2635,lprandinfb@hubpages.com,4
95-9488865,Fonz,Tamlett,ftamlettfc,653-331-9958,ftamlettfc@icq.com,4
93-8267957,Whitney,Prettyman,wprettymanfd,596-160-7104,wprettymanfd@google.co.jp,6
30-9897336,Sal,Gotch,sgotchfe,435-318-3474,sgotchfe@about.com,7
69-5078911,Sigvard,Wenzel,swenzelff,833-645-3730,swenzelff@mediafire.com,5
87-7690871,Ryun,Gowers,rgowersfg,422-929-8392,rgowersfg@webmd.com,1
46-9079863,Eleen,Watchorn,ewatchornfh,421-740-0124,ewatchornfh@webeden.co.uk,5
49-4052184,Dona,Strodder,dstrodderfi,805-740-6712,dstrodderfi@tripadvisor.com,6
15-7083601,Selle,Labusch,slabuschfj,142-592-4204,slabuschfj@soundcloud.com,7
22-7805114,Morris,Trayford,mtrayfordfk,794-736-8396,mtrayfordfk@prweb.com,2
00-2084549,Cammy,Elan,celanfl,565-898-4657,celanfl@engadget.com,6
46-2499477,Ali,Fivey,afiveyfm,982-584-2717,afiveyfm@soup.io,1
79-0397463,Chickie,Liddon,cliddonfn,864-591-0605,cliddonfn@about.com,7
26-0150115,Quint,Harber,qharberfo,774-333-2082,qharberfo@yellowbook.com,1
24-3564739,Rayner,Costell,rcostellfp,551-733-8009,rcostellfp@godaddy.com,3
41-6942527,Saxe,Messom,smessomfq,431-736-2573,smessomfq@ca.gov,4
15-1617832,Suzanne,Bodicam,sbodicamfr,154-489-6393,sbodicamfr@ucsd.edu,4
97-9942317,Corina,Elphick,celphickfs,482-350-2355,celphickfs@telegraph.co.uk,5
06-8164859,Reina,Patington,rpatingtonft,759-527-6478,rpatingtonft@1und1.de,7
90-4125408,Zaccaria,Craufurd,zcraufurdfu,664-990-1901,zcraufurdfu@springer.com,3
21-8584505,Jamil,Kinghorne,jkinghornefv,779-980-4048,jkinghornefv@stumbleupon.com,3
22-2837988,Remy,Winmill,rwinmillfw,827-349-8024,rwinmillfw@pbs.org,5
83-7248938,Valina,Hruska,vhruskafx,480-866-4131,vhruskafx@plala.or.jp,5
10-0500036,Leodora,Dannett,ldannettfy,368-687-1933,ldannettfy@surveymonkey.com,6
10-6913696,Harriot,Clackson,hclacksonfz,861-575-7544,hclacksonfz@europa.eu,4
09-2637588,Evie,Chesterton,echestertong0,394-421-3373,echestertong0@vimeo.com,6
67-7671782,Selby,Garvin,sgarving1,157-752-9319,sgarving1@ted.com,6
71-7151447,Brittne,Stronack,bstronackg2,422-273-7474,bstronackg2@simplemachines.org,7
77-7480987,Remy,Banfill,rbanfillg3,734-269-1367,rbanfillg3@theatlantic.com,4
55-3560358,Fransisco,Elcum,felcumg4,322-874-2318,felcumg4@skyrock.com,2
69-7073522,Katuscha,Downage,kdownageg5,907-689-5763,kdownageg5@miibeian.gov.cn,2
52-6079644,Shoshana,Pervoe,spervoeg6,929-310-0366,spervoeg6@soup.io,7
64-8328862,Bobbie,Tunnock,btunnockg7,623-124-7070,btunnockg7@bizjournals.com,5
40-8480586,Vinita,Kybbye,vkybbyeg8,514-639-1725,vkybbyeg8@com.com,1
33-7004049,Weider,Leeder,wleederg9,565-751-4887,wleederg9@domainmarket.com,7
69-6940183,Rozella,Hush,rhushga,236-344-6753,rhushga@weebly.com,6
47-2954917,Tybie,Le Noir,tlenoirgb,847-190-0670,tlenoirgb@columbia.edu,3
54-9333569,Reade,Benitti,rbenittigc,357-461-7747,rbenittigc@phpbb.com,4
38-0476219,Brendis,Berresford,bberresfordgd,902-547-8993,bberresfordgd@woothemes.com,2
72-7944431,Nerta,Marti,nmartige,533-609-8021,nmartige@drupal.org,6
36-0161314,Gnni,Acom,gacomgf,177-832-8055,gacomgf@cornell.edu,4
20-8949240,Cacilia,O'Reilly,coreillygg,100-934-0424,coreillygg@census.gov,7
75-9350785,Concettina,Olohan,colohangh,139-222-4446,colohangh@weather.com,1
13-4782016,Petey,Spinley,pspinleygi,712-111-2433,pspinleygi@google.de,2
71-3857204,Bondy,Stoate,bstoategj,190-904-8698,bstoategj@list-manage.com,3
05-1986751,Padraic,Couth,pcouthgk,841-229-1671,pcouthgk@booking.com,5
64-4429167,Allyce,Toynbee,atoynbeegl,940-188-5695,atoynbeegl@netvibes.com,1
16-2847324,Gertrude,Bussy,gbussygm,448-333-2202,gbussygm@ehow.com,4
70-1733279,Bradley,Kennsley,bkennsleygn,813-836-7646,bkennsleygn@wikia.com,3
49-9847591,Mattheus,Crozier,mcroziergo,321-584-9793,mcroziergo@vkontakte.ru,2
14-9584228,Sherry,Segrave,ssegravegp,682-410-9104,ssegravegp@behance.net,5
99-8200731,Budd,Doak,bdoakgq,720-912-1245,bdoakgq@un.org,6
20-6590951,Bev,Sapir,bsapirgr,155-172-0761,bsapirgr@accuweather.com,4
61-5547998,Gwyneth,Brookz,gbrookzgs,182-622-4902,gbrookzgs@theglobeandmail.com,5
23-9333324,Estevan,Grouse,egrousegt,461-560-1549,egrousegt@miibeian.gov.cn,6
80-5142015,Annamaria,Belward,abelwardgu,559-516-9314,abelwardgu@fda.gov,5
25-6675191,Alie,Hamil,ahamilgv,438-956-3132,ahamilgv@dmoz.org,3
78-9226359,Emile,Nutley,enutleygw,743-491-4712,enutleygw@nydailynews.com,2
22-1162111,Trueman,Rudinger,trudingergx,305-726-7108,trudingergx@ovh.net,4
33-5944266,Rossy,Naulty,rnaultygy,324-818-3058,rnaultygy@cnbc.com,2
17-7528281,Albie,Brookes,abrookesgz,960-762-9451,abrookesgz@instagram.com,7
45-8824216,Delmore,Rymmer,drymmerh0,351-544-6043,drymmerh0@arizona.edu,4
94-9698388,Imojean,Huortic,ihuortich1,391-175-1589,ihuortich1@tmall.com,1
05-3695659,Ferdy,Manhare,fmanhareh2,276-265-1347,fmanhareh2@geocities.jp,2
20-5104268,Kalinda,Eckart,keckarth3,563-873-2649,keckarth3@chron.com,4
15-8724463,Corly,Leasor,cleasorh4,872-881-4620,cleasorh4@qq.com,1
60-5656821,Mureil,Tribbeck,mtribbeckh5,710-456-7546,mtribbeckh5@wordpress.org,5
11-9330216,Sampson,Hartington,shartingtonh6,146-139-9829,shartingtonh6@seattletimes.com,2
18-7401730,Sapphire,Stribling,sstriblingh7,289-390-0716,sstriblingh7@google.es,6
91-7256569,Etta,Jedrzejewicz,ejedrzejewiczh8,767-190-4934,ejedrzejewiczh8@dailymail.co.uk,3
86-6931365,Ree,Handy,rhandyh9,667-904-9574,rhandyh9@salon.com,7
26-3473717,Mildred,Cossum,mcossumha,335-338-0280,mcossumha@independent.co.uk,2
61-2838375,Starlene,Londer,slonderhb,876-128-6314,slonderhb@icio.us,4
64-6871877,Raven,Yaxley,ryaxleyhc,984-813-4993,ryaxleyhc@guardian.co.uk,7
19-1645796,Gerhardine,Children,gchildrenhd,249-847-1053,gchildrenhd@bbb.org,4
65-7792417,Judy,Terne,jternehe,948-610-0516,jternehe@tinyurl.com,1
10-7400397,Nikolas,Gibben,ngibbenhf,478-869-1966,ngibbenhf@godaddy.com,1
11-7965574,Rhoda,Odde,roddehg,806-948-8932,roddehg@webeden.co.uk,6
30-6739930,Magda,Leynagh,mleynaghhh,586-772-1477,mleynaghhh@statcounter.com,6
20-5040449,Manon,Jenney,mjenneyhi,828-729-4986,mjenneyhi@oakley.com,4
30-5467711,Frederico,Spillman,fspillmanhj,167-939-7699,fspillmanhj@phpbb.com,1
29-8761458,Lana,Meese,lmeesehk,627-644-3386,lmeesehk@google.de,5
73-1510272,Romain,Moncrefe,rmoncrefehl,822-332-5918,rmoncrefehl@princeton.edu,7
96-1909829,Aldis,Boich,aboichhm,178-702-1002,aboichhm@aol.com,7
03-1639637,Chester,Puddefoot,cpuddefoothn,444-515-1047,cpuddefoothn@360.cn,2
92-3981268,Tannie,Shelmerdine,tshelmerdineho,218-618-0285,tshelmerdineho@t-online.de,3
11-3813744,Gerald,Ferentz,gferentzhp,978-760-2310,gferentzhp@creativecommons.org,7
38-9324981,Alfy,McPhaden,amcphadenhq,732-957-3392,amcphadenhq@rambler.ru,1
89-1797920,Fulvia,Culmer,fculmerhr,425-970-7766,fculmerhr@usgs.gov,1
48-2836894,Codee,Wandrach,cwandrachhs,338-314-5456,cwandrachhs@furl.net,4
57-1854391,Hilario,Weatherhill,hweatherhillht,871-750-9430,hweatherhillht@canalblog.com,6
39-3706085,Clara,Shipton,cshiptonhu,390-346-9697,cshiptonhu@mozilla.com,4
78-1309792,Dur,Troy,dtroyhv,637-125-3204,dtroyhv@nhs.uk,7
76-3463915,Caty,Bartzen,cbartzenhw,202-636-9339,cbartzenhw@chicagotribune.com,1
97-6941480,Edvard,Gerant,egeranthx,317-947-2351,egeranthx@github.com,7
45-0743352,Carri,Maciejewski,cmaciejewskihy,103-447-4540,cmaciejewskihy@imgur.com,3
89-1820092,Evie,Pinock,epinockhz,675-976-8422,epinockhz@auda.org.au,2
46-4399978,Lila,Boorer,lbooreri0,878-224-9007,lbooreri0@people.com.cn,3
54-7907283,Golda,Heimes,gheimesi1,436-999-9669,gheimesi1@un.org,1
33-7504373,Ardith,Edworthy,aedworthyi2,432-577-4827,aedworthyi2@woothemes.com,3
22-2659372,Merv,O'Hartigan,mohartigani3,257-360-9071,mohartigani3@vk.com,7
03-4743262,Mordy,Bech,mbechi4,397-166-6248,mbechi4@sphinn.com,4
26-1193663,Park,Livzey,plivzeyi5,903-201-4646,plivzeyi5@economist.com,2
98-6405827,Gerard,Lardeur,glardeuri6,827-994-2773,glardeuri6@chron.com,6
43-7219906,Lane,Abethell,labethelli7,925-623-5427,labethelli7@springer.com,5
29-7001401,Fannie,Crow,fcrowi8,727-316-0348,fcrowi8@artisteer.com,3
63-5939902,Kurtis,Thayre,kthayrei9,198-808-6041,kthayrei9@nhs.uk,2
42-0982023,Milton,Hanssmann,mhanssmannia,557-478-6215,mhanssmannia@infoseek.co.jp,7
65-0589254,Ernesto,Whittick,ewhittickib,680-371-1235,ewhittickib@yellowbook.com,2
77-8982129,Jeanie,Wardell,jwardellic,742-165-7625,jwardellic@shinystat.com,4
35-2371059,Jody,Macon,jmaconid,472-231-5766,jmaconid@discuz.net,2
83-6953976,Jorey,Bruck,jbruckie,626-166-1792,jbruckie@google.it,6
05-0180146,Mandi,Nurse,mnurseif,709-445-9787,mnurseif@si.edu,7
59-8710152,Anthiathia,Dillingham,adillinghamig,317-548-6306,adillinghamig@1688.com,3
16-2201198,Hieronymus,Falks,hfalksih,600-500-3042,hfalksih@dion.ne.jp,5
33-9177183,Jada,Fautly,jfautlyii,744-332-5136,jfautlyii@plala.or.jp,3
82-1777743,Reece,Meardon,rmeardonij,444-581-3322,rmeardonij@jimdo.com,1
63-2960432,Leroy,Weeke,lweekeik,591-123-8199,lweekeik@cyberchimps.com,4
57-3767944,Griffin,Kleinplac,gkleinplacil,633-895-0075,gkleinplacil@cam.ac.uk,7
76-9430892,Levey,Kerrane,lkerraneim,522-852-0216,lkerraneim@opera.com,7
61-4163904,Bibby,Scarff,bscarffin,630-710-1477,bscarffin@arizona.edu,3
48-4070817,Chilton,Mathou,cmathouio,784-622-2714,cmathouio@va.gov,4
36-9545618,Gabi,Bunney,gbunneyip,716-756-8727,gbunneyip@ehow.com,6
88-7686711,Orelee,Jelf,ojelfiq,973-151-0243,ojelfiq@state.gov,6
33-0307771,Sancho,Wagen,swagenir,767-104-0796,swagenir@usgs.gov,6
42-1708637,Hedda,Boodell,hboodellis,710-274-3493,hboodellis@ycombinator.com,3
87-5887673,Pierette,Meo,pmeoit,204-121-7519,pmeoit@jigsy.com,6
75-0754814,Lorrayne,Plowes,lplowesiu,430-705-5434,lplowesiu@tmall.com,2
40-0605643,Kimbell,Usborn,kusborniv,332-440-2618,kusborniv@xrea.com,2
61-2416375,Page,Radish,pradishiw,269-780-0738,pradishiw@t-online.de,2
66-5700347,Devina,Stealey,dstealeyix,674-713-2378,dstealeyix@purevolume.com,2
89-9745197,Cristionna,Villar,cvillariy,142-527-1145,cvillariy@goo.gl,5
00-5967279,Caitlin,Fishly,cfishlyiz,327-801-0603,cfishlyiz@blinklist.com,3
73-3505719,Reena,Pfeffel,rpfeffelj0,821-145-3063,rpfeffelj0@nyu.edu,7
72-7045234,Thayne,Coatts,tcoattsj1,808-519-6493,tcoattsj1@ucoz.com,5
33-7527670,Lauren,Castangia,lcastangiaj2,433-764-2307,lcastangiaj2@wsj.com,5
14-3309774,Sybilla,Boyall,sboyallj3,302-640-6936,sboyallj3@people.com.cn,4
22-4860447,Jodi,Bristoe,jbristoej4,896-407-0652,jbristoej4@blinklist.com,1
32-2220178,Kathlin,Dullingham,kdullinghamj5,463-324-3100,kdullinghamj5@bbb.org,5
32-4355535,Cathrine,Tindall,ctindallj6,288-308-3801,ctindallj6@cloudflare.com,4
01-3483228,Rodd,Gonneau,rgonneauj7,926-571-5589,rgonneauj7@usgs.gov,6
27-4723276,Etienne,Mortel,emortelj8,585-610-3161,emortelj8@elegantthemes.com,7
13-0197189,Trina,Tindle,ttindlej9,231-553-1400,ttindlej9@dot.gov,1
60-9089111,Jefferson,Gribble,jgribbleja,907-665-2532,jgribbleja@china.com.cn,5
34-8854716,Christyna,McKay,cmckayjb,797-761-1708,cmckayjb@latimes.com,3
62-6797915,Marta,Killbey,mkillbeyjc,480-668-4527,mkillbeyjc@bravesites.com,3
25-9686525,Murry,Humbee,mhumbeejd,963-418-5156,mhumbeejd@plala.or.jp,4
67-4547267,Berthe,Candy,bcandyje,803-961-5330,bcandyje@weebly.com,7
57-4919523,Othello,Thorneloe,othorneloejf,780-513-4535,othorneloejf@slideshare.net,7
58-6609742,Caryl,Mimmack,cmimmackjg,740-656-1439,cmimmackjg@census.gov,6
99-9730461,Hobey,Maywood,hmaywoodjh,679-690-9882,hmaywoodjh@yandex.ru,7
48-1314016,Dunc,Randles,drandlesji,887-421-1553,drandlesji@jalbum.net,3
76-0551062,Kanya,Colombier,kcolombierjj,551-991-4872,kcolombierjj@a8.net,1
31-4464870,Darell,Heminsley,dheminsleyjk,825-218-4037,dheminsleyjk@bluehost.com,5
21-2041174,Nancee,Tizzard,ntizzardjl,656-336-7859,ntizzardjl@printfriendly.com,3
13-0281651,Myrta,Powys,mpowysjm,860-856-3444,mpowysjm@ihg.com,5
41-0701646,Sherill,Whittingham,swhittinghamjn,953-993-4536,swhittinghamjn@msn.com,7
38-3296617,Raf,Robjant,rrobjantjo,658-418-9101,rrobjantjo@linkedin.com,7
54-3269281,Rosabelle,Stainbridge,rstainbridgejp,436-379-4862,rstainbridgejp@nyu.edu,3
26-2907260,Phelia,Lyman,plymanjq,977-753-2014,plymanjq@miibeian.gov.cn,1
25-5370140,Dominic,Lusty,dlustyjr,433-659-0157,dlustyjr@artisteer.com,3
81-0191360,Zondra,Hallet,zhalletjs,569-216-3436,zhalletjs@chronoengine.com,3
27-9528489,Rogerio,Andreia,randreiajt,208-446-0375,randreiajt@twitpic.com,1
63-6528631,Corenda,Jovovic,cjovovicju,588-566-3034,cjovovicju@ucoz.ru,1
83-9050615,Gary,Tissier,gtissierjv,602-419-2210,gtissierjv@nps.gov,1
09-3593985,Beatrice,Brager,bbragerjw,816-853-8299,bbragerjw@furl.net,1
01-1598534,Lynde,Jacobowitz,ljacobowitzjx,587-952-0399,ljacobowitzjx@php.net,4
45-4033459,Dayle,McQuorkell,dmcquorkelljy,891-542-2929,dmcquorkelljy@last.fm,3
91-2268813,Vivien,Giorgielli,vgiorgiellijz,440-737-5054,vgiorgiellijz@tuttocitta.it,1
04-4245269,Jeannie,De'Ath,jdeathk0,402-827-9861,jdeathk0@fda.gov,4
21-7012288,Dallis,Gillet,dgilletk1,190-501-3819,dgilletk1@bravesites.com,1
67-5438985,Kelby,Benjamin,kbenjamink2,182-134-9567,kbenjamink2@noaa.gov,5
13-0168956,Adrian,Emeny,aemenyk3,639-734-4748,aemenyk3@indiegogo.com,2
22-8168610,Aloysia,Meth,amethk4,866-580-3900,amethk4@nba.com,1
47-9381873,Twila,Gilhespy,tgilhespyk5,758-390-8555,tgilhespyk5@live.com,4
70-7739075,Even,Pincked,epinckedk6,390-865-4055,epinckedk6@qq.com,3
32-0969222,Brena,Eliassen,beliassenk7,675-609-4637,beliassenk7@columbia.edu,2
06-1435210,Karim,Spur,kspurk8,679-452-3614,kspurk8@devhub.com,1
05-0195450,Rice,Tarry,rtarryk9,625-233-2673,rtarryk9@dropbox.com,6
85-0145757,Tera,Goodbur,tgoodburka,234-521-6303,tgoodburka@ebay.co.uk,5
78-6439605,Nelson,Recher,nrecherkb,115-878-4224,nrecherkb@feedburner.com,4
10-7639242,Minda,Rapsey,mrapseykc,943-240-6521,mrapseykc@yandex.ru,3
69-5803439,Dona,Cuncliffe,dcuncliffekd,432-994-8838,dcuncliffekd@nyu.edu,1
63-6923252,Hammad,Caseborne,hcaseborneke,359-589-0795,hcaseborneke@csmonitor.com,1
27-6597021,Aubry,Ettles,aettleskf,987-594-5471,aettleskf@cnet.com,6
77-4912345,Joana,Novakovic,jnovakovickg,583-283-6494,jnovakovickg@mit.edu,6
10-0598462,Augusto,Dingle,adinglekh,727-466-5526,adinglekh@upenn.edu,7
95-0741505,Wat,Shaxby,wshaxbyki,781-650-0714,wshaxbyki@odnoklassniki.ru,2
75-8114247,Merl,Sparhawk,msparhawkkj,239-975-1164,msparhawkkj@barnesandnoble.com,4
18-5915262,Maximilian,Klemmt,mklemmtkk,872-881-6447,mklemmtkk@ifeng.com,1
88-0204034,Gerrard,Kilroy,gkilroykl,830-947-6590,gkilroykl@lycos.com,3
54-4774213,Beatrice,Kelsow,bkelsowkm,206-371-5004,bkelsowkm@360.cn,5
48-4804016,Winne,Huggard,whuggardkn,144-263-8409,whuggardkn@census.gov,4
58-9455481,Deonne,Pretsell,dpretsellko,537-841-7720,dpretsellko@github.io,5
68-1932970,Genia,Leeburn,gleeburnkp,658-835-3174,gleeburnkp@aboutads.info,4
24-9796508,Coral,Francioli,cfranciolikq,166-461-0820,cfranciolikq@indiatimes.com,1
26-2685587,Harald,MacCleay,hmaccleaykr,635-415-3148,hmaccleaykr@irs.gov,4
11-1409018,Nyssa,Baldoni,nbaldoniks,422-659-6120,nbaldoniks@amazon.de,1
17-7352570,Duncan,O'Crevan,docrevankt,209-576-3818,docrevankt@printfriendly.com,6
51-1051268,Yolande,Gossage,ygossageku,743-125-5327,ygossageku@ow.ly,7
42-8465027,Susan,Sherborne,ssherbornekv,567-815-3412,ssherbornekv@irs.gov,5
88-2886553,Naoma,Ambrosoni,nambrosonikw,602-226-3553,nambrosonikw@blog.com,4
84-2320283,Kristi,Maslin,kmaslinkx,148-689-7729,kmaslinkx@eventbrite.com,4
94-6052681,Kristien,Aindrais,kaindraisky,735-389-7095,kaindraisky@geocities.com,5
65-9851742,Claudian,Simes,csimeskz,541-691-4780,csimeskz@cisco.com,5
00-9787376,Taddeo,Sarra,tsarral0,104-509-9273,tsarral0@vkontakte.ru,3
39-8471131,Booth,O'Dowd,bodowdl1,129-334-0652,bodowdl1@fema.gov,4
48-5228031,Torrin,Davenell,tdavenelll2,760-702-8975,tdavenelll2@taobao.com,6
71-9458697,Barbara-anne,Gutierrez,bgutierrezl3,481-820-9893,bgutierrezl3@gravatar.com,6
01-8159305,Bettina,Dudenie,bdudeniel4,740-524-5162,bdudeniel4@amazon.co.uk,4
59-8829453,Callida,Fisbey,cfisbeyl5,334-563-5983,cfisbeyl5@tripod.com,1
62-8851480,Yuma,Waite,ywaitel6,660-103-3062,ywaitel6@usnews.com,3
64-1733952,Shepherd,Lorinez,slorinezl7,477-960-2722,slorinezl7@cpanel.net,4
57-3949483,Myca,Hefford,mheffordl8,346-199-8606,mheffordl8@wp.com,3
82-6403012,Waylon,Denver,wdenverl9,334-711-1658,wdenverl9@aboutads.info,6
92-7691775,Gaspard,Tunnick,gtunnickla,132-426-5653,gtunnickla@diigo.com,7
14-1216750,Raymond,Grimme,rgrimmelb,879-941-0677,rgrimmelb@bloglovin.com,2
52-9569014,Danica,Scaddon,dscaddonlc,281-744-8222,dscaddonlc@usgs.gov,4
58-8446400,Halley,Bodd,hboddld,864-686-1524,hboddld@vk.com,7
64-7454486,Flore,Harfoot,fharfootle,397-698-0360,fharfootle@51.la,3
27-9888292,Vivian,Tuminini,vtumininilf,716-954-6130,vtumininilf@bigcartel.com,5
63-3194996,Mordy,Pasby,mpasbylg,324-807-1320,mpasbylg@umn.edu,7
52-6677554,Daveta,Barbrick,dbarbricklh,745-150-3013,dbarbricklh@hugedomains.com,3
16-2286016,Dall,Novello,dnovelloli,927-521-1378,dnovelloli@wikipedia.org,5
90-4254807,Bordy,Rubinsaft,brubinsaftlj,508-543-2667,brubinsaftlj@google.nl,3
24-8037580,Richmond,Dablin,rdablinlk,417-823-0448,rdablinlk@seattletimes.com,3
80-4989181,Shannen,Lefeuvre,slefeuvrell,536-728-3912,slefeuvrell@tuttocitta.it,1
32-9768230,Hercule,Broome,hbroomelm,367-703-8007,hbroomelm@multiply.com,3
23-1420967,Ruperta,Cardero,rcarderoln,893-743-1381,rcarderoln@nymag.com,7
43-8836035,Richie,Castagno,rcastagnolo,325-167-7455,rcastagnolo@ucsd.edu,6
17-4247716,Corrinne,Galliford,cgallifordlp,189-336-5756,cgallifordlp@fda.gov,4
65-2765254,Jo,Marian,jmarianlq,874-147-2206,jmarianlq@1und1.de,2
86-3830521,Bambie,Aldgate,baldgatelr,512-854-8630,baldgatelr@purevolume.com,3
08-8476431,Johnny,Lusk,jluskls,456-356-5251,jluskls@pbs.org,3
93-7700367,Eddy,Lelande,elelandelt,474-772-7709,elelandelt@oracle.com,3
77-1040307,Aurelia,Philo,aphilolu,840-328-8478,aphilolu@time.com,6
84-5076885,Sholom,Parratt,sparrattlv,317-105-2129,sparrattlv@4shared.com,3
15-6548261,Emilio,Matyatin,ematyatinlw,268-876-8527,ematyatinlw@photobucket.com,3
39-5279054,Ralph,Eakin,reakinlx,811-280-0820,reakinlx@drupal.org,1
44-8157383,Rasia,Raiment,rraimently,858-576-3790,rraimently@addthis.com,7
25-5655016,Phebe,Lambourne,plambournelz,889-365-9341,plambournelz@example.com,3
97-7084493,Tiffi,Cicculi,tcicculim0,301-895-9370,tcicculim0@cloudflare.com,3
71-5296522,Kerr,Djorvic,kdjorvicm1,170-698-2877,kdjorvicm1@facebook.com,5
42-9279083,Pearline,Tison,ptisonm2,791-809-1472,ptisonm2@histats.com,4
78-5800200,Bobbee,MacKomb,bmackombm3,910-174-9618,bmackombm3@fotki.com,2
62-2851382,Fayth,Andryunin,fandryuninm4,209-921-6068,fandryuninm4@ycombinator.com,3
90-3315965,Constantina,Rouff,crouffm5,719-571-0468,crouffm5@imgur.com,7
25-2278137,Ariela,Meach,ameachm6,441-613-6033,ameachm6@ed.gov,4
42-1401625,Paola,Twidell,ptwidellm7,561-702-4466,ptwidellm7@wikipedia.org,7
46-1101431,Reagen,Swire,rswirem8,759-530-2197,rswirem8@newsvine.com,4
41-5389309,Matelda,Darth,mdarthm9,356-413-1966,mdarthm9@nationalgeographic.com,1
63-4469679,Buiron,Sallarie,bsallariema,442-802-3368,bsallariema@opensource.org,4
35-6445403,Leola,Bakes,lbakesmb,189-256-7211,lbakesmb@typepad.com,5
86-5326118,Glenden,Vardey,gvardeymc,304-448-9799,gvardeymc@twitpic.com,2
85-5361492,Janey,Akam,jakammd,131-273-6444,jakammd@oaic.gov.au,4
43-2311833,Rodina,Tedahl,rtedahlme,434-192-7715,rtedahlme@craigslist.org,6
14-2245986,Trenna,Brightwell,tbrightwellmf,226-513-4411,tbrightwellmf@mac.com,4
25-3325442,Giusto,Turvie,gturviemg,907-214-6218,gturviemg@mail.ru,4
55-1429312,Ora,Johns,ojohnsmh,965-897-6066,ojohnsmh@economist.com,4
65-7215299,Shadow,Czyz,sczyzmi,716-540-7841,sczyzmi@wp.com,1
29-3291453,Amy,Klais,aklaismj,932-111-2828,aklaismj@51.la,1
77-4120944,Martyn,Vick,mvickmk,332-339-1590,mvickmk@forbes.com,2
39-7291573,Kendall,Warlock,kwarlockml,615-436-8301,kwarlockml@bloomberg.com,7
43-8027171,Andrei,Flanner,aflannermm,687-810-7745,aflannermm@dyndns.org,6
16-3104024,Elysee,Nibley,enibleymn,354-154-3178,enibleymn@utexas.edu,2
74-5563228,Jeffie,Gowanson,jgowansonmo,150-125-7786,jgowansonmo@kickstarter.com,5
92-5304095,Madge,Derle,mderlemp,819-490-2289,mderlemp@amazon.de,4
22-8297229,Cinderella,Ebi,cebimq,496-411-6217,cebimq@deliciousdays.com,4
65-5855836,Caroline,Ludwikiewicz,cludwikiewiczmr,889-247-7258,cludwikiewiczmr@amazon.com,3
54-7795609,Issi,Middell,imiddellms,795-688-4049,imiddellms@netvibes.com,6
95-6576379,Haily,Arnet,harnetmt,638-226-3551,harnetmt@php.net,1
86-1503314,Simmonds,Breukelman,sbreukelmanmu,382-960-6950,sbreukelmanmu@cloudflare.com,4
98-9247412,Hartley,Glencros,hglencrosmv,571-220-8354,hglencrosmv@ihg.com,3
99-4874936,Dannel,Giacoppoli,dgiacoppolimw,429-330-6730,dgiacoppolimw@youtube.com,1
83-5074653,Rhiamon,Goldfinch,rgoldfinchmx,154-886-1207,rgoldfinchmx@businesswire.com,7
72-4102466,Loreen,Daniell,ldaniellmy,418-141-6099,ldaniellmy@bluehost.com,5
08-5276882,Fina,Monday,fmondaymz,230-650-3919,fmondaymz@virginia.edu,4
38-2884366,Lory,Curle,lcurlen0,531-627-3104,lcurlen0@google.cn,5
91-2315229,Carlyn,Broadhead,cbroadheadn1,107-613-1271,cbroadheadn1@ehow.com,1
48-5556212,Leo,Ammer,lammern2,635-229-0855,lammern2@so-net.ne.jp,4
56-6319557,Bastian,Brimley,bbrimleyn3,463-282-1346,bbrimleyn3@ftc.gov,4
24-9704859,Kati,Roman,kromann4,208-176-2097,kromann4@ning.com,1
53-9476853,Marsh,Fuller,mfullern5,596-686-3000,mfullern5@mac.com,3
28-7745295,Julianna,Morstatt,jmorstattn6,813-834-5191,jmorstattn6@constantcontact.com,1
41-2323602,Consuela,Hallick,challickn7,916-484-8900,challickn7@ca.gov,4
48-2077463,Alford,Managh,amanaghn8,509-945-6414,amanaghn8@scribd.com,1
87-3474091,Cullen,Favela,cfavelan9,568-870-7682,cfavelan9@csmonitor.com,1
07-6018394,Desirae,Medwell,dmedwellna,885-963-1832,dmedwellna@epa.gov,5
01-8839143,Way,Dodman,wdodmannb,136-910-3228,wdodmannb@reference.com,4
65-8395872,Davida,Bennallck,dbennallcknc,693-841-9605,dbennallcknc@blogspot.com,4
00-2167467,Perry,de Vaen,pdevaennd,329-811-4114,pdevaennd@arstechnica.com,1
39-8415527,Anabel,Morlon,amorlonne,931-339-2965,amorlonne@ucsd.edu,6
26-3857569,Gnni,Beddows,gbeddowsnf,992-933-9647,gbeddowsnf@diigo.com,7
61-7498174,Harry,Straneo,hstraneong,473-454-8948,hstraneong@diigo.com,7
76-0651074,Drucy,Heitz,dheitznh,257-139-7418,dheitznh@mozilla.com,5
50-3390800,Claiborn,Stile,cstileni,375-895-7070,cstileni@pagesperso-orange.fr,6
47-1532937,Bertha,Walters,bwaltersnj,619-610-0711,bwaltersnj@sphinn.com,7
23-0435029,Rachelle,Ca,rcank,778-858-5785,rcank@nytimes.com,5
34-2612119,Conroy,Teale,ctealenl,276-443-7049,ctealenl@vimeo.com,3
41-3319868,Lorrie,Phebee,lphebeenm,369-291-0685,lphebeenm@qq.com,5
21-0757232,Sisile,Bisley,sbisleynn,453-946-4025,sbisleynn@businesswire.com,1
40-8478750,Barbara-anne,Burnside,bburnsideno,623-386-0594,bburnsideno@surveymonkey.com,1
11-8788014,Alexei,Marskell,amarskellnp,192-950-5672,amarskellnp@samsung.com,7
09-2272073,Ara,Koschek,akoscheknq,129-117-8038,akoscheknq@webmd.com,4
23-7688633,Raeann,Crosskill,rcrosskillnr,423-639-9775,rcrosskillnr@newyorker.com,2
33-8708558,Kiah,Fridlington,kfridlingtonns,388-709-7590,kfridlingtonns@guardian.co.uk,6
27-6252251,Orion,Dhillon,odhillonnt,707-243-4523,odhillonnt@springer.com,1
56-4627347,Hewie,Horick,hhoricknu,678-423-7285,hhoricknu@pcworld.com,5
98-9721118,Dareen,Thewlis,dthewlisnv,107-162-8370,dthewlisnv@surveymonkey.com,6
85-0729698,Vonni,Andreacci,vandreaccinw,344-273-1781,vandreaccinw@sakura.ne.jp,4
54-0264422,Olva,McSwan,omcswannx,241-609-0098,omcswannx@themeforest.net,6
94-0779657,Cymbre,Ohlsen,cohlsenny,516-232-7086,cohlsenny@symantec.com,7
66-0354593,Sig,Leamon,sleamonnz,147-280-9971,sleamonnz@rediff.com,6
03-5029656,Roselle,Rannie,rrannieo0,400-824-9862,rrannieo0@china.com.cn,1
22-9392984,Cull,Leaver,cleavero1,215-465-8109,cleavero1@adobe.com,7
60-7051489,Ado,Placido,aplacidoo2,959-275-9131,aplacidoo2@unicef.org,3
27-6437454,Abner,Ebbin,aebbino3,983-180-2067,aebbino3@ameblo.jp,3
49-4077643,Staffard,Hatt,shatto4,137-969-1463,shatto4@de.vu,3
44-0166758,Natalya,Maciocia,nmaciociao5,275-489-7913,nmaciociao5@sitemeter.com,2
24-8687117,Joshua,Siemens,jsiemenso6,661-394-9890,jsiemenso6@barnesandnoble.com,7
77-3006108,Erick,Tinniswood,etinniswoodo7,467-238-2706,etinniswoodo7@who.int,7
58-4134198,Amelia,Dillway,adillwayo8,218-750-3730,adillwayo8@msn.com,7
82-2670445,Anne-marie,Spir,aspiro9,716-734-0089,aspiro9@huffingtonpost.com,4
15-7416633,Pamela,Eayres,peayresoa,593-829-5502,peayresoa@shutterfly.com,7
85-4421438,Jaquenetta,Tadlow,jtadlowob,147-262-9854,jtadlowob@mozilla.org,4
96-0724521,Werner,Topliss,wtoplissoc,670-159-3508,wtoplissoc@timesonline.co.uk,4
96-9645695,Allx,Doogan,adooganod,246-707-3820,adooganod@illinois.edu,4
08-6323359,Son,Downe,sdowneoe,917-992-5346,sdowneoe@myspace.com,3
68-0293542,Amelia,Harron,aharronof,663-186-8889,aharronof@prlog.org,7
81-7157406,Bartholomeo,Troni,btroniog,265-581-7067,btroniog@taobao.com,5
48-6632541,Liane,Deacock,ldeacockoh,554-958-4370,ldeacockoh@networksolutions.com,5
03-4496570,Tristan,Witard,twitardoi,704-384-6848,twitardoi@go.com,3
54-8216832,Orel,Kirtland,okirtlandoj,286-785-1621,okirtlandoj@epa.gov,3
47-1283600,Haskel,Lawrenceson,hlawrencesonok,795-868-0790,hlawrencesonok@mozilla.org,5
87-2859821,Jessa,Pavlenko,jpavlenkool,808-245-7714,jpavlenkool@sphinn.com,4
40-1699002,Ado,Haskell,ahaskellom,602-941-5994,ahaskellom@people.com.cn,7
45-3398192,Gary,Levene,gleveneon,253-346-8303,gleveneon@statcounter.com,7
46-1014220,Somerset,Rhubottom,srhubottomoo,310-680-2730,srhubottomoo@parallels.com,3
32-3960905,Elie,Netherclift,enethercliftop,843-338-7233,enethercliftop@com.com,5
38-6932129,Lea,Thresh,lthreshoq,804-252-5775,lthreshoq@blogs.com,6
06-8964396,Kissiah,Adriano,kadrianoor,232-936-9184,kadrianoor@comsenz.com,6
14-9710313,Jone,Checkley,jcheckleyos,139-577-1911,jcheckleyos@engadget.com,2
53-8788266,Tam,Tutchell,ttutchellot,971-708-7760,ttutchellot@icio.us,4
27-4407806,Pooh,Richemont,prichemontou,285-757-1419,prichemontou@princeton.edu,7
92-5024234,Anstice,Leslie,aleslieov,345-653-6699,aleslieov@myspace.com,3
76-6003366,Cassey,Tremmil,ctremmilow,949-288-7828,ctremmilow@naver.com,1
86-9960070,Bambi,Painter,bpainterox,765-494-1832,bpainterox@hibu.com,2
24-6352469,Trent,Crissil,tcrissiloy,356-918-6360,tcrissiloy@reuters.com,6
59-2780789,Vannie,Furminger,vfurmingeroz,662-428-1607,vfurmingeroz@psu.edu,2
14-3410857,Phillipp,Strafford,pstraffordp0,202-378-3922,pstraffordp0@reddit.com,4
39-2438985,Hodge,Rowlin,hrowlinp1,154-356-7596,hrowlinp1@wordpress.org,1
74-6797466,Nannie,Etherson,nethersonp2,235-246-4964,nethersonp2@artisteer.com,3
36-8863703,Renell,Lundon,rlundonp3,410-537-8395,rlundonp3@artisteer.com,3
18-4345467,Iggie,Daudray,idaudrayp4,884-439-4726,idaudrayp4@dell.com,4
75-1137922,Natalie,Nutkin,nnutkinp5,107-925-7078,nnutkinp5@constantcontact.com,6
40-6719931,Bessy,Bolt,bboltp6,591-249-0088,bboltp6@joomla.org,6
86-3354024,Dalt,Stallibrass,dstallibrassp7,673-657-9105,dstallibrassp7@jugem.jp,6
59-3503332,Lynelle,Mintoff,lmintoffp8,444-660-8757,lmintoffp8@ebay.com,2
70-0332003,Hilde,Crosseland,hcrosselandp9,944-441-1585,hcrosselandp9@imgur.com,3
73-5943703,Consuelo,Greedy,cgreedypa,671-131-3130,cgreedypa@hhs.gov,3
88-8995680,Othelia,Shedd,osheddpb,977-230-4171,osheddpb@gizmodo.com,4
40-4730835,Joyann,Wigmore,jwigmorepc,162-350-7640,jwigmorepc@jalbum.net,2
24-2768114,Eleanora,Sines,esinespd,909-846-5493,esinespd@biglobe.ne.jp,4
69-1361034,Tara,Filisov,tfilisovpe,729-871-7939,tfilisovpe@imgur.com,3
92-2586162,Erek,Senett,esenettpf,361-783-7209,esenettpf@hhs.gov,1
49-9010390,Natassia,Mulhall,nmulhallpg,613-958-7197,nmulhallpg@comsenz.com,5
23-9262698,Kevyn,Stutte,kstutteph,908-124-6534,kstutteph@tmall.com,7
78-9673214,Shayne,Blanque,sblanquepi,297-349-6993,sblanquepi@msu.edu,2
74-1397579,Nolly,Staddom,nstaddompj,201-460-2888,nstaddompj@ebay.com,6
49-4027368,Magdalen,Lavies,mlaviespk,909-971-6731,mlaviespk@goo.ne.jp,1
57-1507972,Wendel,Brocks,wbrockspl,381-563-0217,wbrockspl@netscape.com,1
56-2647831,Aurelea,Lintin,alintinpm,965-438-9447,alintinpm@sciencedaily.com,2
43-7301896,Myer,Nehls,mnehlspn,564-932-1198,mnehlspn@cmu.edu,5
64-7252999,Isadore,Hendrickson,ihendricksonpo,358-792-1126,ihendricksonpo@ning.com,7
69-8680240,Joell,Pea,jpeapp,633-732-8828,jpeapp@google.fr,3
28-7955061,Reggie,Butfield,rbutfieldpq,340-653-2559,rbutfieldpq@omniture.com,3
96-8149269,Cissiee,Bee,cbeepr,691-540-7289,cbeepr@amazon.co.uk,5
33-0292790,Corie,Pavolini,cpavolinips,173-432-9145,cpavolinips@e-recht24.de,1
22-8290153,Laurens,Jumont,ljumontpt,134-256-7423,ljumontpt@comsenz.com,5
65-7012620,Gerhardt,Disbury,gdisburypu,821-519-0266,gdisburypu@stumbleupon.com,7
13-3474978,Jacques,Basey,jbaseypv,384-663-1941,jbaseypv@godaddy.com,4
82-8116873,Mercie,Hasely,mhaselypw,151-580-2417,mhaselypw@sciencedaily.com,2
14-4199698,Cullin,Samet,csametpx,943-390-5610,csametpx@com.com,3
64-4202238,Cherin,Davenhill,cdavenhillpy,831-394-8815,cdavenhillpy@sphinn.com,2
95-4169175,August,Scoles,ascolespz,154-190-9246,ascolespz@opera.com,5
00-7782511,Duffie,Saphir,dsaphirq0,571-325-5962,dsaphirq0@squarespace.com,6
51-4268010,Donnie,Abramowsky,dabramowskyq1,206-965-3250,dabramowskyq1@go.com,2
06-9885914,Hale,Ventham,hventhamq2,105-886-6666,hventhamq2@360.cn,4
81-3706005,Dalia,Gomer,dgomerq3,551-869-5798,dgomerq3@theglobeandmail.com,1
83-6603364,Anthe,Tighe,atigheq4,540-702-2164,atigheq4@netlog.com,6
54-3782020,Lebbie,Dreamer,ldreamerq5,362-923-4353,ldreamerq5@imageshack.us,4
67-9230630,Zacharia,Gurko,zgurkoq6,575-373-6133,zgurkoq6@slate.com,6
54-5097488,Maurits,Cyples,mcyplesq7,264-787-7545,mcyplesq7@msu.edu,4
26-4426308,Siobhan,Phipp,sphippq8,558-592-5004,sphippq8@unc.edu,2
46-5533270,Ingaborg,Kamena,ikamenaq9,368-549-2410,ikamenaq9@cyberchimps.com,1
06-2735539,Clevie,Coggon,ccoggonqa,914-949-1725,ccoggonqa@hp.com,1
81-4125797,Melly,Jeppe,mjeppeqb,469-343-0416,mjeppeqb@vistaprint.com,2
20-5859087,Monique,Burrells,mburrellsqc,876-228-2904,mburrellsqc@state.gov,3
06-5867420,Boote,Inglese,bingleseqd,955-763-4802,bingleseqd@theatlantic.com,4
70-0943213,Lesli,Winks,lwinksqe,111-331-1607,lwinksqe@google.ru,7
68-3594199,Phylys,Mummery,pmummeryqf,544-310-2971,pmummeryqf@dropbox.com,2
25-4474001,Bethany,Mockford,bmockfordqg,845-556-4686,bmockfordqg@aboutads.info,3
97-9205099,Nappie,Rowledge,nrowledgeqh,758-487-8082,nrowledgeqh@boston.com,2
32-8422691,Delia,Geldert,dgeldertqi,969-272-8241,dgeldertqi@deliciousdays.com,7
70-5442546,Quinta,Dickin,qdickinqj,900-462-1776,qdickinqj@google.de,1
60-5765869,Maurits,Sheerman,msheermanqk,716-316-7807,msheermanqk@amazon.de,2
83-6675653,Martina,Littleproud,mlittleproudql,624-344-3513,mlittleproudql@microsoft.com,1
33-9801936,Donnie,Meadus,dmeadusqm,501-235-1799,dmeadusqm@java.com,5
37-8987561,Theressa,Ruecastle,truecastleqn,518-474-4506,truecastleqn@creativecommons.org,4
66-3941231,Stanwood,Wiltshear,swiltshearqo,913-188-0921,swiltshearqo@bizjournals.com,1
58-2711523,Arabele,Alelsandrovich,aalelsandrovichqp,608-559-0797,aalelsandrovichqp@howstuffworks.com,2
16-6485607,Avrom,Frearson,afrearsonqq,604-625-8606,afrearsonqq@biglobe.ne.jp,7
02-2639877,Ester,Gourlay,egourlayqr,961-343-0209,egourlayqr@china.com.cn,4
75-8197787,Arley,Paydon,apaydonqs,658-303-4221,apaydonqs@upenn.edu,4
29-5260767,Marysa,Neesam,mneesamqt,627-856-9045,mneesamqt@ycombinator.com,5
30-0278793,Gearard,Yedy,gyedyqu,137-472-7720,gyedyqu@squidoo.com,1
60-1313236,Bertrand,Chetwin,bchetwinqv,765-268-3502,bchetwinqv@nsw.gov.au,5
95-9397931,Curry,Vernalls,cvernallsqw,101-313-9956,cvernallsqw@netvibes.com,4
80-0190641,Vernen,Levene,vleveneqx,560-862-5056,vleveneqx@cdbaby.com,3
83-5772304,Buiron,Buckberry,bbuckberryqy,760-412-9486,bbuckberryqy@bbc.co.uk,4
38-9711835,Ricard,Gritland,rgritlandqz,718-979-6800,rgritlandqz@google.ru,7
64-1391502,Alayne,Waszczyk,awaszczykr0,868-924-8283,awaszczykr0@hhs.gov,3
24-4402452,Waylan,Fouldes,wfouldesr1,323-883-9561,wfouldesr1@arstechnica.com,3
29-0621167,Cherlyn,Itshak,citshakr2,920-836-2929,citshakr2@printfriendly.com,2
25-6719413,Vicky,Sloss,vslossr3,147-951-4167,vslossr3@hexun.com,4
04-7380282,Willyt,Reaman,wreamanr4,138-351-7831,wreamanr4@aol.com,1
88-2738930,Austine,Shafier,ashafierr5,548-741-7121,ashafierr5@last.fm,4
64-8499465,Deane,Iverson,diversonr6,442-430-8954,diversonr6@cornell.edu,7
49-2296633,Reagen,Patrickson,rpatricksonr7,304-592-8670,rpatricksonr7@istockphoto.com,1
64-0441431,Corabel,Paskerful,cpaskerfulr8,504-353-2979,cpaskerfulr8@eventbrite.com,5
26-0728224,Judith,Lantuffe,jlantuffer9,739-440-9622,jlantuffer9@hao123.com,4
99-6175831,Zola,Boolsen,zboolsenra,459-277-6088,zboolsenra@squidoo.com,4
15-1039065,Benjamin,Hayball,bhayballrb,591-937-3152,bhayballrb@opera.com,5
07-7754994,Lesli,O'Mullally,lomullallyrc,496-645-2041,lomullallyrc@typepad.com,2
17-5367871,Elset,Tidy,etidyrd,726-956-6078,etidyrd@mlb.com,7
29-5197648,Josefa,Danielli,jdaniellire,983-788-0693,jdaniellire@nba.com,5
39-9941995,Dud,Sked,dskedrf,441-374-0058,dskedrf@4shared.com,1
94-9944142,Faulkner,Hoppner,fhoppnerrg,204-991-2462,fhoppnerrg@g.co,3
35-9649115,Calv,Deehan,cdeehanrh,757-417-7556,cdeehanrh@patch.com,2
94-8186119,Galvan,Matuszinski,gmatuszinskiri,495-462-4066,gmatuszinskiri@home.pl,3
14-8106749,Ethyl,Relph,erelphrj,575-940-7167,erelphrj@last.fm,4
98-6836843,Stanford,Baterip,sbateriprk,789-594-8409,sbateriprk@spiegel.de,6
24-7804518,Rafa,Coye,rcoyerl,524-353-9973,rcoyerl@springer.com,6
61-4752226,Horace,Gaither,hgaitherrm,873-364-0527,hgaitherrm@parallels.com,1
52-1471048,Miller,Chaffey,mchaffeyrn,452-154-3614,mchaffeyrn@oracle.com,5
14-7638068,Jillie,Berkeley,jberkeleyro,950-167-1297,jberkeleyro@goodreads.com,1
50-9730022,Camille,Colquhoun,ccolquhounrp,311-895-4750,ccolquhounrp@altervista.org,4
22-1968423,Odie,McTrustie,omctrustierq,503-968-3094,omctrustierq@oakley.com,6
13-5609840,Ginnie,Henrych,ghenrychrr,894-735-6305,ghenrychrr@ning.com,2
