3091,Ginger,Wickling,394-692-4710,gwickling0@sakura.ne.jp
5350,Shayla,Hearon,713-459-1728,shearon1@samsung.com
7056,Haskel,Ghilardi,616-743-3539,hghilardi2@usgs.gov
1680,Dannie,Growy,260-580-3621,dgrowy3@stumbleupon.com
5662,Barby,Deem,242-933-7026,bdeem4@topsy.com
1684,Banky,Riditch,912-357-0716,briditch5@dropbox.com
4283,Luci,Sings,524-253-5888,lsings6@nymag.com
2220,Axel,Atty,399-956-2005,aatty7@go.com
9636,Christoforo,Delmage,542-370-8944,cdelmage8@youtube.com
2810,Cinnamon,Geare,278-450-6900,cgeare9@cpanel.net
0426,Fairfax,Joiner,984-130-9183,fjoinera@printfriendly.com
0559,Maurise,Attridge,581-291-4116,mattridgeb@rambler.ru
8411,Pace,Cutajar,728-485-6487,pcutajarc@simplemachines.org
8674,Griffith,Patty,713-871-3448,gpattyd@odnoklassniki.ru
9979,Nelson,Ovenell,235-436-3629,novenelle@vkontakte.ru
6823,Hendrick,Renne,645-377-2457,hrennef@cpanel.net
1818,Hy,Tollemache,396-817-1821,htollemacheg@storify.com
3034,Keenan,Mahood,535-716-7464,kmahoodh@liveinternet.ru
0923,Catherine,Merkel,906-535-2979,cmerkeli@wired.com
1484,Cilka,Longhorne,220-520-0341,clonghornej@ebay.co.uk
6426,Ayn,Maddy,397-682-5247,amaddyk@stumbleupon.com
5489,Ford,Revell,117-310-6406,frevelll@xinhuanet.com
7607,Abey,Elsy,839-437-8990,aelsym@mail.ru
2734,Osmund,Bergin,459-421-7259,oberginn@mysql.com
3450,Aurilia,Kas,215-829-8842,akaso@uiuc.edu
9812,Pasquale,Bonnin,955-982-7467,pbonninp@live.com
0277,Elissa,Cota,404-176-7889,ecotaq@a8.net
7144,Simon,Belch,790-480-3567,sbelchr@exblog.jp
4308,Lefty,Colnet,448-422-4345,lcolnets@microsoft.com
2689,Glyn,Gascoine,525-164-0733,ggascoinet@house.gov
1379,Cornie,Pearmine,645-258-8763,cpearmineu@typepad.com
2671,Cheryl,Kloser,451-143-4212,ckloserv@sitemeter.com
7325,Tadeas,Widdup,515-535-9508,twiddupw@tuttocitta.it
5402,Gladys,Loosely,530-983-5087,glooselyx@hao123.com
3259,Rois,Gilley,968-310-2947,rgilleyy@deviantart.com
8039,Alfy,Wenderoth,701-636-1662,awenderothz@elpais.com
2661,Salome,Neubigin,402-856-2165,sneubigin10@squidoo.com
7263,Viva,Campa,551-756-0792,vcampa11@com.com
7348,Perl,O'Caine,296-592-2071,pocaine12@exblog.jp
6115,Cliff,Gilmore,717-591-4074,cgilmore13@pinterest.com
8186,Paulita,Kenchington,962-684-0638,pkenchington14@redcross.org
0052,Shurwood,Gathercole,971-959-0977,sgathercole15@altervista.org
1820,Colline,Shimmans,471-689-2520,cshimmans16@infoseek.co.jp
6615,Evangelia,Lago,989-204-9285,elago17@vk.com
8537,Rustie,Duffield,737-744-6841,rduffield18@infoseek.co.jp
2312,Donnajean,Heffernan,886-413-5472,dheffernan19@berkeley.edu
5540,Fitz,Ganders,365-886-8089,fganders1a@mozilla.org
9320,Austin,Atthow,384-809-4869,aatthow1b@vimeo.com
3891,Justino,Moggach,549-585-1112,jmoggach1c@nationalgeographic.com
0631,Avery,Thring,655-954-3126,athring1d@omniture.com
1528,Sebastien,Allon,714-708-1479,sallon1e@adobe.com
5093,Siward,Spaughton,962-435-3566,sspaughton1f@uol.com.br
7300,Elissa,Vannikov,681-347-9446,evannikov1g@netvibes.com
8365,Haywood,Batrim,611-184-1910,hbatrim1h@infoseek.co.jp
2835,Salmon,McCoy,267-358-1116,smccoy1i@theguardian.com
0965,Lionello,Lytell,273-247-6879,llytell1j@last.fm
4016,Trefor,Amies,597-774-8552,tamies1k@blogger.com
8934,Martelle,Rulten,670-832-7530,mrulten1l@facebook.com
2418,Tallia,Costa,354-522-2072,tcosta1m@ucoz.ru
5453,Allistir,Kettow,791-990-9737,akettow1n@tamu.edu
6792,Kirbie,Glossup,729-517-0016,kglossup1o@ameblo.jp
6963,Boony,Sorel,860-790-7242,bsorel1p@newyorker.com
5685,Barbaraanne,Stote,860-994-9249,bstote1q@moonfruit.com
6600,Vonny,Dorrington,599-734-4883,vdorrington1r@slate.com
7716,Cecily,Stirton,352-707-2232,cstirton1s@facebook.com
2922,Sherlock,Lude,455-229-9696,slude1t@ca.gov
5677,Stevena,Roebottom,296-702-0162,sroebottom1u@live.com
8703,Horst,Dignan,467-217-4331,hdignan1v@cbc.ca
8238,Darcee,Galler,147-649-8078,dgaller1w@pagesperso-orange.fr
8758,Gussi,Heinle,144-246-8987,gheinle1x@virginia.edu
2893,Clarie,Brotherwood,257-377-2610,cbrotherwood1y@huffingtonpost.com
0989,Crystie,Rigmand,507-780-5963,crigmand1z@ihg.com
8024,Isiahi,Menauteau,218-822-0489,imenauteau20@multiply.com
9146,Caterina,Lezemere,544-643-1410,clezemere21@soup.io
1926,Barbi,Brane,801-426-0428,bbrane22@answers.com
7212,Chadd,Eyer,870-919-7285,ceyer23@usnews.com
5676,Whitby,Gaudin,687-867-7585,wgaudin24@si.edu
5706,Meade,Valentim,986-754-2291,mvalentim25@techcrunch.com
0423,Germaine,Worgen,176-908-9703,gworgen26@phpbb.com
9230,Donall,Mascall,812-330-1693,dmascall27@google.it
9734,Gill,Pagnin,919-603-0185,gpagnin28@ihg.com
7369,Erinn,Trulocke,243-102-5868,etrulocke29@prweb.com
9218,Mariam,Lohering,987-470-0388,mlohering2a@usnews.com
4763,Catherine,Gothliff,922-716-4132,cgothliff2b@godaddy.com
8737,Gallagher,Plowell,725-277-1705,gplowell2c@hugedomains.com
5004,Alvie,Freeman,691-999-0418,afreeman2d@mapy.cz
5318,Alikee,Creaser,798-839-8694,acreaser2e@yelp.com
2084,Alano,Totterdill,936-294-1978,atotterdill2f@about.com
2493,Mariette,Gorwood,671-625-6672,mgorwood2g@tamu.edu
7249,Harmon,Ginnelly,391-432-7546,hginnelly2h@desdev.cn
9560,Denise,Groarty,268-830-7760,dgroarty2i@bloglines.com
2242,Martie,Kennally,400-374-1732,mkennally2j@e-recht24.de
0795,Rafi,Torel,172-870-5454,rtorel2k@seesaa.net
7911,Alex,Inglefield,176-230-1295,ainglefield2l@infoseek.co.jp
0892,Hazlett,Kimmerling,537-233-1900,hkimmerling2m@google.fr
8258,Ber,Leathley,921-383-3501,bleathley2n@wordpress.com
9602,Catha,Alchin,805-625-7430,calchin2o@simplemachines.org
5361,Prudy,Housecraft,734-211-6229,phousecraft2p@examiner.com
1187,Max,MacGlory,914-191-1712,mmacglory2q@apache.org
4015,Lyndell,Borrett,647-776-1328,lborrett2r@clickbank.net
9065,Vern,Reignolds,880-476-3461,vreignolds2s@state.gov
0398,Gordie,Honacker,432-702-0313,ghonacker2t@un.org
9891,Gordan,Sanger,901-839-9847,gsanger2u@pen.io
6220,Lindsay,Adney,377-842-9587,ladney2v@wikimedia.org
3126,Devon,Footer,338-890-5382,dfooter2w@toplist.cz
3643,Nichol,Burnage,385-303-9885,nburnage2x@nyu.edu
6337,Luise,Bendle,651-703-7962,lbendle2y@w3.org
3366,Ermengarde,Leger,871-538-8002,eleger2z@blogs.com
6279,Alicea,Hails,346-634-5353,ahails30@wikispaces.com
9788,Bertie,Hains,347-291-9450,bhains31@e-recht24.de
9067,Isadore,Tapp,289-457-2199,itapp32@fda.gov
9870,Oliy,Ertel,308-498-6637,oertel33@elegantthemes.com
2915,Farley,Law,634-361-8192,flaw34@squidoo.com
0283,Bernette,Smylie,671-798-9082,bsmylie35@house.gov
0330,Penelopa,Sudron,678-829-8930,psudron36@springer.com
5568,Perice,Eplett,591-905-1177,peplett37@unc.edu
0021,Elsa,Bartosch,429-967-6838,ebartosch38@businessinsider.com
5912,Kathleen,Hefferan,625-462-5310,khefferan39@google.com
5929,Philipa,Jurries,774-821-8847,pjurries3a@arizona.edu
8874,Guthrie,Keaton,861-556-1680,gkeaton3b@phpbb.com
2188,Cindee,Bodycote,104-497-5673,cbodycote3c@bloglovin.com
2792,Melesa,Hebron,538-260-0647,mhebron3d@printfriendly.com
7360,Trevor,Gilbey,888-527-5405,tgilbey3e@163.com
7389,Hieronymus,Rootes,688-190-1509,hrootes3f@51.la
2623,Albie,Jagels,998-731-9573,ajagels3g@dell.com
8145,Dorie,Romushkin,467-461-7439,dromushkin3h@weebly.com
9354,Shannen,Junkin,925-532-9551,sjunkin3i@weebly.com
3412,Dennie,Ripping,338-661-3808,dripping3j@squidoo.com
1825,Frederic,Ickovici,644-422-7304,fickovici3k@feedburner.com
8127,Paulita,MacCague,435-182-3302,pmaccague3l@networksolutions.com
7405,Hubie,Semered,549-961-3398,hsemered3m@google.ca
0891,Vidovik,Faraday,747-862-3205,vfaraday3n@house.gov
1922,Isabeau,Nesby,930-526-5591,inesby3o@house.gov
9049,Vivianne,Pawling,585-131-2677,vpawling3p@yellowpages.com
5268,Lolita,Hickisson,647-117-5139,lhickisson3q@yale.edu
9407,Charlie,Winkless,891-346-4918,cwinkless3r@etsy.com
6369,Marga,Laughlan,765-773-9728,mlaughlan3s@imageshack.us
7960,Sallyanne,Hounsome,100-309-6644,shounsome3t@state.gov
0562,Brier,Liepmann,734-642-0948,bliepmann3u@house.gov
1270,Tallou,Fidgin,593-388-3434,tfidgin3v@go.com
4859,Martita,Simonitto,995-844-6359,msimonitto3w@networkadvertising.org
9750,De witt,Franceschelli,118-855-3865,dfranceschelli3x@etsy.com
2008,Dirk,Shulem,366-206-0444,dshulem3y@de.vu
0957,Nolie,Cinelli,211-569-7641,ncinelli3z@bing.com
6982,Ardeen,Daton,109-133-2378,adaton40@reuters.com
5385,Roderigo,Troke,623-597-1365,rtroke41@hc360.com
7187,Blancha,Charke,876-674-0871,bcharke42@usgs.gov
5643,Markos,Hallgalley,113-968-5725,mhallgalley43@networkadvertising.org
6368,Goddart,Heaviside,449-253-4581,gheaviside44@about.com
5257,Colver,Creeboe,642-948-3397,ccreeboe45@barnesandnoble.com
9122,Portie,Elies,212-803-9452,pelies46@elegantthemes.com
3326,Wright,Kenan,667-419-4642,wkenan47@dion.ne.jp
3214,Reuven,Sealy,935-488-4549,rsealy48@msn.com
9422,Jessalyn,Gore,844-490-0858,jgore49@yale.edu
8848,Fairfax,Key,642-829-9112,fkey4a@reverbnation.com
5889,Britt,de Tocqueville,376-690-3939,bdetocqueville4b@princeton.edu
1850,Katherina,Murphy,917-200-0504,kmurphy4c@dion.ne.jp
5265,Robena,Skala,527-116-4304,rskala4d@clickbank.net
1431,Jsandye,Shale,217-724-7765,jshale4e@yelp.com
2515,Desi,Dumper,201-198-7622,ddumper4f@free.fr
3371,Quintilla,Daleman,204-575-2643,qdaleman4g@wsj.com
1756,Wilfred,Francais,768-596-0247,wfrancais4h@bravesites.com
3557,Stearn,Starmont,483-798-7554,sstarmont4i@dailymotion.com
5784,Terry,Neeson,353-466-6398,tneeson4j@nsw.gov.au
0663,Rebeca,Greensmith,924-421-8678,rgreensmith4k@weebly.com
5292,Ruprecht,Exell,615-673-5940,rexell4l@ameblo.jp
3920,Lindy,Lightning,523-777-7149,llightning4m@ovh.net
0574,Prudence,Verman,170-175-9771,pverman4n@mozilla.org
6069,Bernelle,Poleye,394-422-6081,bpoleye4o@google.pl
5306,Scottie,Flippelli,340-128-4446,sflippelli4p@samsung.com
0290,Brittaney,Elgey,114-358-3137,belgey4q@smh.com.au
8609,Gaven,Teal,322-709-2108,gteal4r@howstuffworks.com
7023,Valerie,Samart,582-776-0469,vsamart4s@paypal.com
9117,Marcello,Serraillier,889-886-2824,mserraillier4t@weibo.com
2608,Gaynor,Rivaland,453-978-9044,grivaland4u@bloglines.com
8476,Jarvis,Shackell,993-948-1659,jshackell4v@nps.gov
6306,Elisabetta,Wormell,950-456-7060,ewormell4w@i2i.jp
3962,Lezley,Walczak,707-724-4875,lwalczak4x@whitehouse.gov
6294,Merrel,Degg,836-844-5107,mdegg4y@hugedomains.com
2399,Enrica,Lippo,932-781-6612,elippo4z@meetup.com
5839,Tomi,Daw,174-380-5742,tdaw50@walmart.com
7909,Tilly,Westfalen,528-903-9202,twestfalen51@nba.com
2881,Thebault,Oakwell,183-687-4458,toakwell52@taobao.com
0866,Merv,Schultz,605-612-1506,mschultz53@stanford.edu
7439,Marietta,Ensley,334-918-1131,mensley54@hp.com
2289,Marillin,Fleetham,564-464-4273,mfleetham55@networksolutions.com
8545,Nikki,Pic,398-110-6429,npic56@meetup.com
3825,Buckie,Gudgeon,161-136-2479,bgudgeon57@examiner.com
5231,Phip,Bramwell,109-425-0721,pbramwell58@sakura.ne.jp
9234,Trenton,Matitiaho,746-138-7010,tmatitiaho59@moonfruit.com
5448,Collette,Bees,939-601-7326,cbees5a@joomla.org
2953,Fanni,Ovize,701-830-5191,fovize5b@apple.com
2727,Orly,Bidwell,297-254-2834,obidwell5c@tumblr.com
5622,Jayson,Booth-Jarvis,483-268-5906,jboothjarvis5d@google.ru
3435,Mallory,Briamo,379-882-2066,mbriamo5e@sourceforge.net
4786,Ginnifer,Cherry Holme,188-294-9663,gcherryholme5f@cbc.ca
8179,Hedvig,Poolman,245-438-4813,hpoolman5g@bbb.org
2133,Tammie,Storm,122-835-8268,tstorm5h@163.com
6105,Gerrard,Kryszkiecicz,290-269-0920,gkryszkiecicz5i@technorati.com
6382,Kristofor,Haxley,854-420-3269,khaxley5j@princeton.edu
2831,Joete,Lonergan,696-768-1213,jlonergan5k@bloomberg.com
2103,Vinnie,Kuscha,899-932-4133,vkuscha5l@buzzfeed.com
6371,Jordain,Edgeon,582-502-1899,jedgeon5m@bravesites.com
6516,Vita,Gobert,260-380-0286,vgobert5n@foxnews.com
0774,Odie,Vuitte,682-247-0093,ovuitte5o@globo.com
1631,Jacobo,Bilsford,762-521-8787,jbilsford5p@free.fr
2192,Juliane,Barok,185-465-5599,jbarok5q@histats.com
2558,Dimitri,Cogley,502-288-8047,dcogley5r@apple.com
0818,Nissie,Giacovelli,966-591-0364,ngiacovelli5s@blogtalkradio.com
4093,Dennis,Winthrop,254-192-8409,dwinthrop5t@simplemachines.org
3293,Rebbecca,Maseres,443-792-1874,rmaseres5u@flavors.me
7179,Dee,Grainger,141-967-0116,dgrainger5v@soundcloud.com
9872,Kiel,McCarter,222-548-1486,kmccarter5w@msn.com
4935,Rollo,Waulker,413-626-6171,rwaulker5x@mediafire.com
0465,Stefa,Dudgeon,838-978-4727,sdudgeon5y@timesonline.co.uk
6480,Tilly,Woodroff,146-363-1567,twoodroff5z@photobucket.com
3596,Boony,Elverston,620-551-7611,belverston60@infoseek.co.jp
8915,Darryl,Panchen,362-420-9192,dpanchen61@gnu.org
9396,Ximenes,Knewstubb,591-975-9774,xknewstubb62@1und1.de
1505,Tan,Gristhwaite,553-457-5005,tgristhwaite63@marketwatch.com
2181,Leona,Aylett,982-720-0045,laylett64@zimbio.com
1000,Selie,Ever,584-192-8734,sever65@senate.gov
9981,Sayres,Vesque,266-939-9914,svesque66@ustream.tv
2995,Ricardo,Peterkin,258-604-0717,rpeterkin67@sphinn.com
7385,Roth,Derycot,869-739-0047,rderycot68@etsy.com
2328,Judi,Penticoot,342-784-0459,jpenticoot69@businesswire.com
2980,Bentley,Marconi,596-425-9372,bmarconi6a@bbc.co.uk
5712,Ingrim,Padley,123-277-8432,ipadley6b@usa.gov
9305,Marie-jeanne,Close,193-391-4617,mclose6c@opensource.org
7357,Karyn,Bielfeld,833-693-1709,kbielfeld6d@va.gov
0187,Adrianne,Scammonden,949-423-3261,ascammonden6e@dropbox.com
1693,Gray,Murfin,192-338-8612,gmurfin6f@independent.co.uk
4166,Gracia,Botham,254-648-8994,gbotham6g@ftc.gov
7021,Latrina,Amerighi,473-327-6888,lamerighi6h@accuweather.com
5111,Mufinella,Durn,451-770-1880,mdurn6i@is.gd
0193,Martie,Messingham,397-383-8649,mmessingham6j@aol.com
8606,Niles,Wilgar,295-866-0258,nwilgar6k@oakley.com
6081,Lynnelle,Hacking,444-448-8246,lhacking6l@nifty.com
9523,Darrick,Raven,426-709-4483,draven6m@jalbum.net
8398,Emilia,Leigh,975-205-9636,eleigh6n@sina.com.cn
4942,Aubree,Racine,515-702-5928,aracine6o@dion.ne.jp
6144,Mattias,Kenyon,781-941-3733,mkenyon6p@shareasale.com
6156,Solly,Jelliman,427-786-0498,sjelliman6q@t.co
8729,Cody,Thouless,469-815-0564,cthouless6r@oaic.gov.au
8882,Devora,MacAlester,182-468-6480,dmacalester6s@scribd.com
0738,Sharona,Tarbert,847-721-7723,starbert6t@europa.eu
1916,Celine,Duckering,742-534-9051,cduckering6u@earthlink.net
4898,Libbie,Eisenberg,438-380-3234,leisenberg6v@themeforest.net
5251,Weylin,Schwandermann,109-329-4012,wschwandermann6w@miitbeian.gov.cn
1965,Nolana,Barkworth,148-778-8693,nbarkworth6x@shareasale.com
6353,Lura,Etheridge,478-799-4748,letheridge6y@stanford.edu
7225,Arman,Brownsell,394-703-5999,abrownsell6z@spiegel.de
9916,Wolfy,Feldfisher,584-594-3863,wfeldfisher70@ucoz.ru
7564,Lula,Pitney,493-336-3400,lpitney71@home.pl
9482,Maxie,Adami,730-135-5462,madami72@twitter.com
9185,Andreana,De Avenell,442-833-7509,adeavenell73@shinystat.com
5219,Onfre,Blacksland,749-208-3912,oblacksland74@walmart.com
0672,Den,Hawkin,715-790-6309,dhawkin75@java.com
3211,Matelda,Mingay,598-175-2315,mmingay76@dagondesign.com
4967,Helaina,Canada,164-821-3495,hcanada77@businessweek.com
6662,Carlie,Klaussen,303-208-5437,cklaussen78@house.gov
2810,Jobie,Perris,186-891-9377,jperris79@pbs.org
7024,Lance,Sorsbie,194-888-6600,lsorsbie7a@weather.com
1519,Kelsi,Caldwell,196-603-5495,kcaldwell7b@jugem.jp
8926,Sarita,Kurt,994-350-6308,skurt7c@sogou.com
5715,Jennie,Shucksmith,142-918-6133,jshucksmith7d@studiopress.com
8514,Darda,Stienham,224-769-6250,dstienham7e@feedburner.com
3321,Sonja,Binning,691-766-8973,sbinning7f@skyrock.com
1904,Hugibert,Simpkins,727-596-5883,hsimpkins7g@skype.com
7364,Irina,Eubank,971-299-7876,ieubank7h@cnet.com
1944,Christel,Gosford,186-967-8731,cgosford7i@cdbaby.com
6422,Leela,Oakden,369-925-4362,loakden7j@baidu.com
3685,Margareta,Correa,916-703-4737,mcorrea7k@japanpost.jp
6808,Jared,Goodship,778-316-9788,jgoodship7l@stanford.edu
0636,Ingeberg,Curnok,241-995-8981,icurnok7m@nbcnews.com
2881,Raoul,Ivanshintsev,417-854-7061,rivanshintsev7n@naver.com
7016,Thain,Suermeier,686-587-5729,tsuermeier7o@simplemachines.org
8791,Lillian,Wiggington,553-735-8785,lwiggington7p@macromedia.com
2812,Siana,Mosey,904-692-9591,smosey7q@sourceforge.net
0313,Johny,Cardus,840-698-7773,jcardus7r@geocities.com
1580,Danella,Zmitrovich,872-529-4751,dzmitrovich7s@hao123.com
2089,Samson,Jimpson,771-212-3143,sjimpson7t@fda.gov
1800,Marge,Anyon,937-134-3312,manyon7u@loc.gov
2068,Brnaba,Urwen,689-855-0811,burwen7v@dailymotion.com
7964,Nico,Pennigar,635-159-5694,npennigar7w@wikipedia.org
4110,Korey,Beckles,428-885-7481,kbeckles7x@ustream.tv
4727,Traver,Borrowman,240-192-1632,tborrowman7y@wikipedia.org
2435,Lorenzo,Bilborough,915-688-4465,lbilborough7z@techcrunch.com
5798,Nanci,Cargenven,323-179-4461,ncargenven80@yandex.ru
4414,Gayle,Randalson,519-954-9292,grandalson81@ameblo.jp
6760,Walt,Byneth,569-941-3500,wbyneth82@cargocollective.com
8622,Peri,Scurlock,681-840-8461,pscurlock83@sina.com.cn
7364,Valencia,Blower,238-964-9682,vblower84@msu.edu
6707,Florina,Lunge,609-189-2184,flunge85@aboutads.info
2471,Shandie,Taggett,510-126-9093,staggett86@amazon.com
3656,Lorie,Jirasek,243-192-5538,ljirasek87@webmd.com
0405,Adria,Hessle,761-849-3707,ahessle88@ftc.gov
5698,Cherye,Esley,899-540-2657,cesley89@drupal.org
3525,Cristian,Karpe,621-487-7048,ckarpe8a@digg.com
5897,Harp,McGrah,597-484-7373,hmcgrah8b@wordpress.com
8925,Roxane,Ridler,113-150-5610,rridler8c@yahoo.com
9727,Dunstan,Lassetter,638-676-7042,dlassetter8d@privacy.gov.au
0626,Phelia,Lerwell,442-772-7820,plerwell8e@irs.gov
9917,Corilla,Cleyburn,722-914-1281,ccleyburn8f@tumblr.com
1785,Ettore,Viggars,146-640-6082,eviggars8g@reference.com
3140,Jason,Loder,707-396-8729,jloder8h@dagondesign.com
0284,Libbey,Martland,322-609-0973,lmartland8i@oaic.gov.au
3680,Meredith,Longfut,812-456-2944,mlongfut8j@adobe.com
9576,Peggi,Schafer,899-153-5046,pschafer8k@weebly.com
7528,Jasmina,Davidsen,844-467-7030,jdavidsen8l@1und1.de
3149,Roze,Abrahm,448-221-7093,rabrahm8m@list-manage.com
3167,Cherrita,Downham,214-633-0612,cdownham8n@php.net
9269,Jolie,Screen,699-626-7484,jscreen8o@nationalgeographic.com
2415,Bernardo,Garron,329-293-8436,bgarron8p@illinois.edu
8143,Dalston,Gleeson,925-722-5463,dgleeson8q@seattletimes.com
3356,Jorey,Pillinger,842-278-7609,jpillinger8r@squarespace.com
6611,Aprilette,Durrand,767-957-5006,adurrand8s@de.vu
8342,Kipp,Tomsa,651-383-2826,ktomsa8t@gnu.org
1110,Beverley,Kynastone,595-295-7376,bkynastone8u@answers.com
4279,Ginnifer,Piwall,820-604-6734,gpiwall8v@deviantart.com
6871,Conrade,Kensitt,803-649-5556,ckensitt8w@dion.ne.jp
4880,Miriam,Jankowski,962-296-7779,mjankowski8x@dailymotion.com
5308,Justinian,Swindall,817-757-2897,jswindall8y@icq.com
8921,Chrissy,Matous,686-334-6796,cmatous8z@nbcnews.com
3142,Melisent,Laing,244-972-0077,mlaing90@huffingtonpost.com
8033,Christy,Januszewicz,136-127-5477,cjanuszewicz91@godaddy.com
1209,Del,Diviny,795-316-3223,ddiviny92@instagram.com
8018,Nata,McMahon,825-680-9405,nmcmahon93@lycos.com
1340,Nanni,Pisculli,262-898-4939,npisculli94@youtube.com
0583,Teresita,Jedrasik,151-549-7835,tjedrasik95@census.gov
2744,Merl,Hillen,254-791-2302,mhillen96@webmd.com
4974,Madonna,Sweatman,685-186-2351,msweatman97@i2i.jp
0767,Trstram,Bill,990-745-6489,tbill98@china.com.cn
4892,Erena,Melin,671-794-9177,emelin99@businessweek.com
7488,Lea,Bedward,447-708-2481,lbedward9a@free.fr
1366,Bessie,Chittenden,546-506-9943,bchittenden9b@boston.com
1721,Marylou,Colly,448-709-0528,mcolly9c@go.com
2215,Adamo,Label,713-933-2789,alabel9d@flavors.me
8466,Jewell,Sahlstrom,340-544-5069,jsahlstrom9e@tripadvisor.com
8198,Lorilyn,Drewes,999-890-2017,ldrewes9f@dailymotion.com
4887,Adda,Van Oord,872-676-3969,avanoord9g@sohu.com
0515,Johnna,Rycraft,282-120-7324,jrycraft9h@ebay.com
0814,Rianon,Medina,506-287-6267,rmedina9i@comcast.net
5522,Flin,Beggini,928-274-7295,fbeggini9j@google.com.au
6933,Sarena,Vasilov,659-864-0818,svasilov9k@disqus.com
6524,Harlene,Whinney,699-422-7610,hwhinney9l@zimbio.com
4252,Gayelord,Abrashkov,110-691-3718,gabrashkov9m@squarespace.com
6274,Stinky,MacAirt,440-904-6615,smacairt9n@desdev.cn
1601,Stephie,Strephan,785-320-4300,sstrephan9o@dailymail.co.uk
5273,Schuyler,Langabeer,797-999-2391,slangabeer9p@studiopress.com
9348,Retha,Jaksic,208-219-8993,rjaksic9q@sourceforge.net
5102,Hiram,Livsey,666-535-7345,hlivsey9r@amazon.com
8178,Caty,Mulles,326-724-3274,cmulles9s@nhs.uk
2905,Avram,Calder,893-351-8178,acalder9t@kickstarter.com
5348,Lanny,Fritter,860-190-0310,lfritter9u@sfgate.com
4777,Zachery,Drews,644-291-1520,zdrews9v@psu.edu
9322,Rania,Kirvell,349-626-8517,rkirvell9w@japanpost.jp
9886,Haley,Grayson,979-942-6842,hgrayson9x@4shared.com
2527,Wynn,Fessler,263-554-3501,wfessler9y@bravesites.com
5215,Ebonee,Milington,213-133-5787,emilington9z@unc.edu
2106,Lukas,Bromage,519-792-7323,lbromagea0@wisc.edu
6800,Derby,Gatlin,520-654-3837,dgatlina1@opensource.org
0651,Ellswerth,Boorman,464-904-0606,eboormana2@indiegogo.com
6324,Phyllis,Santo,368-493-6041,psantoa3@homestead.com
1266,Fidole,Martinuzzi,815-150-7583,fmartinuzzia4@imgur.com
2635,Tracy,Corbie,288-227-6492,tcorbiea5@chicagotribune.com
8300,Naomi,Goane,842-161-1376,ngoanea6@mozilla.com
8858,Blair,Sazio,408-880-5646,bsazioa7@huffingtonpost.com
1365,Colet,Hilland,701-337-7124,chillanda8@elpais.com
7054,Eirena,Berrecloth,727-316-3337,eberreclotha9@taobao.com
5288,Melva,Attock,539-994-8015,mattockaa@nasa.gov
4214,Lotti,Orbine,555-370-8906,lorbineab@wikispaces.com
2259,Vikky,Teodorski,260-254-9951,vteodorskiac@baidu.com
6749,Kenton,Kinig,953-168-5875,kkinigad@cbsnews.com
3964,Ara,Maggi,603-841-4176,amaggiae@gnu.org
8376,Micah,De Brett,647-462-0658,mdebrettaf@slate.com
0671,Tobey,Lightwing,603-288-5383,tlightwingag@paypal.com
4633,Brewster,Macoun,515-559-6124,bmacounah@xing.com
3708,Libbey,Petigrew,303-586-2167,lpetigrewai@arstechnica.com
5627,Matty,McSparran,865-472-8343,mmcsparranaj@wix.com
2309,Wylma,Eckley,347-642-1753,weckleyak@independent.co.uk
4731,Antony,Foggarty,356-840-3005,afoggartyal@elegantthemes.com
4179,Juli,Clymer,368-993-6661,jclymeram@youku.com
9326,Candice,Gerin,133-456-7584,cgerinan@admin.ch
6295,Ronnica,Thormann,388-582-3616,rthormannao@nasa.gov
3826,Rickie,Spark,839-928-0392,rsparkap@mozilla.org
5532,Erik,Romayne,928-498-4407,eromayneaq@google.co.uk
8401,Vickie,Andrei,560-179-7638,vandreiar@washingtonpost.com
8745,Mavis,Suthren,886-670-5420,msuthrenas@jugem.jp
3462,Hervey,Djurisic,261-295-1415,hdjurisicat@chronoengine.com
5992,Karlens,Hounsome,930-931-9706,khounsomeau@wiley.com
7715,Kennett,Simants,963-679-9015,ksimantsav@usa.gov
8440,Bryna,Fernez,499-233-0226,bfernezaw@flavors.me
9362,Rosalyn,Samper,657-853-8500,rsamperax@dot.gov
5726,Eimile,Adenet,810-988-5771,eadenetay@jimdo.com
7616,Ranna,Exall,977-677-5428,rexallaz@washington.edu
7667,Pattin,Ginnaly,878-892-6301,pginnalyb0@twitter.com
2437,Wit,Gierok,806-795-1239,wgierokb1@tmall.com
6744,Abbe,Petit,487-800-9445,apetitb2@blogspot.com
4908,Lotte,Agastina,275-138-5776,lagastinab3@printfriendly.com
4828,Ellie,Greenlees,607-540-1971,egreenleesb4@indiatimes.com
9462,Ailey,Deetlefs,580-212-5609,adeetlefsb5@desdev.cn
5481,Alberta,Knudsen,830-449-8011,aknudsenb6@nifty.com
9345,Vilma,Manthroppe,646-770-0882,vmanthroppeb7@domainmarket.com
6683,Nathanael,McCluney,788-265-2635,nmccluneyb8@prweb.com
3232,Dannye,Standidge,281-538-4716,dstandidgeb9@meetup.com
6725,Lanny,Lokier,865-287-1626,llokierba@bizjournals.com
7732,Pennie,Marsy,494-386-8224,pmarsybb@spiegel.de
0389,Obie,Crump,660-172-6554,ocrumpbc@gravatar.com
9457,Joyous,Habard,732-955-8324,jhabardbd@tuttocitta.it
5375,Martyn,Acton,942-564-9783,mactonbe@eepurl.com
7461,Thedric,Wyard,864-669-3715,twyardbf@domainmarket.com
0117,Finley,Kell,915-215-6327,fkellbg@livejournal.com
8350,Tallou,Traviss,670-849-5979,ttravissbh@cnet.com
1427,Alison,Newens,508-521-1743,anewensbi@yelp.com
6144,Quinn,Bloxam,757-182-5802,qbloxambj@wikimedia.org
1657,Jon,MacBey,974-302-6020,jmacbeybk@woothemes.com
5575,Cairistiona,Evenett,862-328-9886,cevenettbl@wordpress.com
2092,Cody,Sille,728-709-3347,csillebm@blogger.com
5223,Arnaldo,Faichnie,527-163-1142,afaichniebn@intel.com
4653,Rudy,Tudbald,556-516-7510,rtudbaldbo@smh.com.au
0622,Lou,Havercroft,710-998-8494,lhavercroftbp@g.co
4316,Sibley,Lempertz,816-216-7142,slempertzbq@is.gd
9495,Jess,Pairpoint,676-299-5480,jpairpointbr@boston.com
2935,Vanna,Reinger,198-549-6712,vreingerbs@dailymotion.com
4608,Elmo,Gladdolph,977-437-2675,egladdolphbt@shutterfly.com
7666,Florencia,Herreros,860-264-8536,fherrerosbu@si.edu
9762,Morgana,Lies,850-437-7979,mliesbv@salon.com
5774,Barri,Skerrett,729-663-6337,bskerrettbw@skyrock.com
2663,Richie,Ofer,590-246-1182,roferbx@fema.gov
5608,Perla,Penson,644-280-2050,ppensonby@narod.ru
4215,Wash,Gecks,721-411-0841,wgecksbz@nymag.com
4485,Georgeanne,Dorant,331-613-4473,gdorantc0@businessweek.com
3097,Marlyn,Greenham,660-260-9795,mgreenhamc1@mac.com
2689,Wallis,Tock,489-240-0903,wtockc2@bing.com
6911,Emmy,Briant,529-914-3732,ebriantc3@thetimes.co.uk
3935,Lazar,Reyna,246-396-5951,lreynac4@pcworld.com
2745,Dalenna,Gregolotti,792-756-2764,dgregolottic5@examiner.com
9424,Correna,McGrath,282-823-9239,cmcgrathc6@theglobeandmail.com
8196,Colby,Hazle,374-740-5422,chazlec7@home.pl
6378,Maryjo,Goodred,891-738-3922,mgoodredc8@va.gov
0079,Josefa,Syphus,954-160-1792,jsyphusc9@cbsnews.com
1089,Finlay,Goskar,527-554-4549,fgoskarca@cnn.com
5938,Bradford,Heitz,239-775-2280,bheitzcb@loc.gov
2024,Willy,Kleingrub,124-848-0668,wkleingrubcc@forbes.com
0290,Levon,Ivoshin,178-467-2162,livoshincd@cbc.ca
4091,Leena,Askham,257-345-0719,laskhamce@time.com
5431,Nixie,Vernazza,705-202-3909,nvernazzacf@homestead.com
8327,Tait,Pantridge,138-196-4323,tpantridgecg@biblegateway.com
3339,Susanne,Rival,980-449-5767,srivalch@hhs.gov
0907,Rene,De'Vere - Hunt,116-887-6739,rdeverehuntci@github.com
0457,Wes,Mullen,133-692-8689,wmullencj@cdc.gov
2942,Aveline,Rogerot,811-649-3662,arogerotck@usgs.gov
3179,Yvette,Doggett,713-996-9754,ydoggettcl@edublogs.org
1546,Murielle,Lonergan,622-550-7586,mlonergancm@mapy.cz
9770,Pippy,Terbeck,232-528-1026,pterbeckcn@ox.ac.uk
8577,Benetta,Laming,183-107-6375,blamingco@artisteer.com
4036,Max,Ionnisian,786-790-6193,mionnisiancp@dell.com
7592,Rupert,Georg,684-185-9209,rgeorgcq@bravesites.com
2484,Erastus,Pavese,237-484-8627,epavesecr@timesonline.co.uk
9021,Blanch,Moffett,419-873-8248,bmoffettcs@usda.gov
6660,Aldon,McNae,817-208-5610,amcnaect@over-blog.com
4253,Jonas,Edmunds,525-694-8601,jedmundscu@tinyurl.com
8241,Dexter,Piwall,899-106-6284,dpiwallcv@wordpress.org
7141,Rich,Tharme,695-332-9142,rtharmecw@tamu.edu
4393,Darci,Atwool,592-160-9423,datwoolcx@huffingtonpost.com
6026,Jayson,Rigden,367-419-2202,jrigdency@technorati.com
2639,Christen,Dimelow,770-426-2396,cdimelowcz@ucoz.com
3187,Gui,Bum,644-295-9386,gbumd0@fema.gov
3296,Obediah,Maydwell,115-434-4632,omaydwelld1@independent.co.uk
0256,Sully,Coombs,434-774-2075,scoombsd2@livejournal.com
5564,Darci,Bumford,819-697-7204,dbumfordd3@cmu.edu
0366,Bibbie,Batchellor,329-322-3273,bbatchellord4@livejournal.com
9504,Chiquia,Loosmore,972-936-3594,cloosmored5@delicious.com
5940,Garvey,Groarty,443-835-0382,ggroartyd6@seattletimes.com
9600,Klarika,Albrooke,586-952-7153,kalbrooked7@theatlantic.com
7912,Chiarra,Markie,923-716-9753,cmarkied8@sitemeter.com
5859,Conny,Chapelhow,571-651-8340,cchapelhowd9@i2i.jp
1659,Svend,Sinnie,477-116-0515,ssinnieda@foxnews.com
2123,Urbanus,Mayworth,541-139-3029,umayworthdb@geocities.jp
1463,Othelia,Jeffcock,340-956-5126,ojeffcockdc@hp.com
2845,Rutger,Behnecke,238-736-1556,rbehneckedd@ebay.com
0415,Rriocard,Harewood,875-620-9910,rharewoodde@telegraph.co.uk
8033,Aveline,Hagan,782-567-9992,ahagandf@statcounter.com
3760,Teodor,Dincey,668-348-7947,tdinceydg@amazon.com
1953,Richmound,Redholes,492-631-5293,rredholesdh@lulu.com
6403,Wini,Rocca,541-542-6060,wroccadi@photobucket.com
4619,Foss,Antecki,360-395-4293,fanteckidj@youtu.be
8726,Lin,Pavolini,248-307-8638,lpavolinidk@blogs.com
6600,Korie,Livings,141-215-8148,klivingsdl@blogs.com
8062,Gene,Golson,795-291-4268,ggolsondm@a8.net
4941,Siobhan,Ferriday,561-193-8656,sferridaydn@cam.ac.uk
4460,Nevil,Downing,405-542-2401,ndowningdo@cdbaby.com
3961,Cati,Wabersinke,261-224-1770,cwabersinkedp@amazon.de
2103,Shoshana,Loxley,446-983-4564,sloxleydq@addtoany.com
1714,Karita,Felder,823-181-7144,kfelderdr@usnews.com
7755,Augustus,Goward,176-655-1709,agowardds@nasa.gov
0408,Ludovika,Hallt,702-903-8037,lhalltdt@google.com.au
1907,Vincenty,Sivil,228-415-1236,vsivildu@flickr.com
1899,Osmund,Herries,807-132-9733,oherriesdv@woothemes.com
9951,Ambrosius,Pimerick,715-350-7825,apimerickdw@dell.com
9652,Maurizia,Mostin,975-543-6439,mmostindx@devhub.com
7714,Rolando,Message,764-597-2772,rmessagedy@senate.gov
1203,Way,Fegan,643-989-2940,wfegandz@state.tx.us
4203,Pedro,Avraam,430-462-8845,pavraame0@newyorker.com
5091,Silas,Rose,913-320-3842,srosee1@reuters.com
6469,Rhys,Satterthwaite,569-696-4433,rsatterthwaitee2@foxnews.com
6946,Wilton,Tootin,670-345-9831,wtootine3@smh.com.au
8783,Florry,Drane,874-446-9275,fdranee4@biglobe.ne.jp
4017,Jeralee,Murie,352-930-8509,jmuriee5@infoseek.co.jp
7028,Olag,Jelf,409-882-1661,ojelfe6@hp.com
8936,Genni,Gudde,257-726-7741,gguddee7@diigo.com
2017,Marlene,Spafford,463-113-5943,mspafforde8@indiatimes.com
7667,Niven,Biggerstaff,520-417-5301,nbiggerstaffe9@ifeng.com
9049,Sarena,Thornber,678-417-5526,sthornberea@java.com
4921,Smith,Ibotson,520-549-9475,sibotsoneb@etsy.com
0353,Leanora,Brislen,723-725-5143,lbrislenec@cdc.gov
8170,Amandy,Rathborne,555-426-7936,arathborneed@nydailynews.com
8740,Jarred,Humbee,314-435-0578,jhumbeeee@patch.com
4963,Lenore,Abrahmovici,229-899-1906,labrahmovicief@yandex.ru
8183,Abigael,Brignell,708-579-4903,abrignelleg@clickbank.net
7416,Myrah,MacGuigan,105-814-1056,mmacguiganeh@example.com
3616,Vanessa,Feldhammer,400-601-5093,vfeldhammerei@digg.com
0802,Jermaine,Leworthy,951-984-3423,jleworthyej@stanford.edu
6835,Anthia,Skein,204-614-9168,askeinek@cbc.ca
4217,Marabel,Eshelby,614-176-9683,meshelbyel@disqus.com
9549,Patti,Wilman,150-920-6741,pwilmanem@cafepress.com
4143,Adele,Hearley,181-767-0523,ahearleyen@hibu.com
8732,Sheila,Larwood,707-331-4400,slarwoodeo@newsvine.com
3049,Zeb,Chappelow,698-667-2875,zchappelowep@sohu.com
3474,Terry,Huzzay,738-320-8297,thuzzayeq@un.org
8765,Rodney,Ballendine,500-676-0725,rballendineer@amazon.co.jp
3298,Rainer,Haestier,528-687-8183,rhaestieres@harvard.edu
8682,Lesli,Frossell,879-346-0768,lfrossellet@dagondesign.com
5212,Kori,Moores,888-241-8147,kmooreseu@goo.gl
1831,Bobette,Fulford,763-334-5719,bfulfordev@yellowbook.com
3713,Toddie,Shine,590-545-3956,tshineew@goo.ne.jp
0137,Tamarra,Biggadyke,798-360-3666,tbiggadykeex@microsoft.com
5088,Fenelia,Divers,683-977-3523,fdiversey@oracle.com
0099,Leonerd,Reskelly,598-100-4469,lreskellyez@cnet.com
4839,Ruggiero,Pandya,255-754-4561,rpandyaf0@weebly.com
8947,Maximilianus,Brognot,839-361-6492,mbrognotf1@ucla.edu
8976,Lyle,Aughtie,994-743-9227,laughtief2@addtoany.com
4952,Ellswerth,Evelyn,234-378-1700,eevelynf3@guardian.co.uk
5651,Binky,Mayze,618-596-6748,bmayzef4@archive.org
6660,Skye,Ghiriardelli,325-302-2854,sghiriardellif5@canalblog.com
3843,Martyn,Rubury,925-141-8567,mruburyf6@virginia.edu
8639,Wilek,Clair,726-891-0681,wclairf7@macromedia.com
5936,Sheridan,Joney,671-821-2779,sjoneyf8@oaic.gov.au
9705,Ronni,Bohan,874-213-1294,rbohanf9@usa.gov
9361,Aimil,Gopsall,865-941-0452,agopsallfa@wikimedia.org
4671,Christie,Kitchingham,131-134-9990,ckitchinghamfb@sciencedaily.com
3904,Ara,Lynett,942-650-5699,alynettfc@reference.com
2203,Felic,Doughty,733-748-2404,fdoughtyfd@oakley.com
1186,Maressa,Cowely,359-189-6125,mcowelyfe@howstuffworks.com
6791,Winn,Meneer,943-686-7637,wmeneerff@washingtonpost.com
3802,Erik,Shinn,296-712-7730,eshinnfg@dot.gov
6899,Jerad,Tierny,384-955-4231,jtiernyfh@springer.com
3989,Leland,Pocknell,610-731-8947,lpocknellfi@mtv.com
8162,Korey,Billany,676-712-6120,kbillanyfj@about.com
7242,Octavia,Quartly,805-487-8106,oquartlyfk@dmoz.org
9988,Kitti,Dragon,937-239-0272,kdragonfl@google.es
9090,Rebeka,Hember,335-342-6303,rhemberfm@scientificamerican.com
5820,Sydel,Stratten,741-550-7743,sstrattenfn@google.com.hk
2399,Esther,Yendall,493-773-2136,eyendallfo@oakley.com
0393,Vinny,Northover,522-201-5443,vnorthoverfp@dell.com
8140,Jessi,Penswick,291-188-7707,jpenswickfq@soup.io
2340,Reagen,Joubert,920-872-3787,rjoubertfr@weibo.com
3645,Minnie,Kleinholz,826-212-1661,mkleinholzfs@ibm.com
3228,Winny,Dresche,885-131-7399,wdrescheft@theatlantic.com
4204,Cilka,Folder,949-990-9979,cfolderfu@china.com.cn
3215,Maure,Baseggio,649-896-0125,mbaseggiofv@craigslist.org
0469,Timmy,Croker,136-598-2898,tcrokerfw@naver.com
5176,Jerald,Downing,471-201-8122,jdowningfx@networkadvertising.org
6186,Miof mela,Edgcumbe,551-253-7634,medgcumbefy@weibo.com
3390,Wrennie,Bunyan,982-699-7805,wbunyanfz@ifeng.com
7653,Ingar,Ranby,387-623-3784,iranbyg0@freewebs.com
9871,Sharline,Stanbro,802-183-1269,sstanbrog1@dailymotion.com
7320,Tresa,Pumphrey,241-748-3685,tpumphreyg2@1und1.de
5261,Jakob,Haythorne,437-839-5066,jhaythorneg3@bing.com
8256,Tiebold,Walters,590-799-9997,twaltersg4@nba.com
4034,Georgy,Yeld,426-816-6864,gyeldg5@tuttocitta.it
4198,Susanna,Shelsher,660-599-7058,sshelsherg6@scribd.com
8375,Carey,Gairdner,725-685-3706,cgairdnerg7@vk.com
9427,Ediva,Cleeton,763-296-3906,ecleetong8@google.nl
6350,Ransell,Glaum,672-603-0541,rglaumg9@addtoany.com
0732,Chrystal,Argente,427-369-9824,cargentega@prnewswire.com
2327,Gwendolyn,Hoopper,184-710-2634,ghooppergb@slate.com
4507,Hadrian,Clappison,782-710-3864,hclappisongc@accuweather.com
1401,Lilith,Kenworth,808-443-5450,lkenworthgd@nba.com
4488,Jolene,Sage,105-920-7161,jsagege@quantcast.com
2892,Cristie,Brookbank,947-870-4222,cbrookbankgf@squarespace.com
0817,Kippar,Hallbird,506-988-8653,khallbirdgg@bandcamp.com
2540,Jayson,Anfosso,724-549-0953,janfossogh@elpais.com
3446,Sophie,Avramovich,709-994-7585,savramovichgi@about.me
1906,Kippar,Butting,895-448-5494,kbuttinggj@xrea.com
9265,Sonnnie,Gero,332-729-4311,sgerogk@mysql.com
9673,Culley,Cudde,415-820-5870,ccuddegl@clickbank.net
8542,Juliette,Sline,142-395-6196,jslinegm@paypal.com
1615,Arny,Hebden,681-979-2130,ahebdengn@hugedomains.com
3443,Kathe,Hierro,786-757-3399,khierrogo@themeforest.net
5062,Oswald,Tapscott,984-345-3827,otapscottgp@list-manage.com
7321,Gaylor,Harnwell,797-907-9316,gharnwellgq@seesaa.net
6651,Adara,Davson,296-887-8088,adavsongr@netscape.com
2292,Susana,De Giorgio,150-401-1149,sdegiorgiogs@qq.com
8674,Melva,Hamsley,589-589-0240,mhamsleygt@nps.gov
0799,Dode,Lugton,951-314-7831,dlugtongu@who.int
1368,Midge,Digby,955-171-4047,mdigbygv@dmoz.org
8262,Fania,Kealey,976-820-4207,fkealeygw@addtoany.com
1118,Lucas,Maskill,788-902-0587,lmaskillgx@wikimedia.org
5983,Donni,Cicchinelli,711-121-0188,dcicchinelligy@wunderground.com
6393,Lulu,Mariner,999-435-3651,lmarinergz@php.net
5693,Dorolisa,Brackenridge,350-776-7009,dbrackenridgeh0@umn.edu
3564,Manolo,Jeenes,922-393-6478,mjeenesh1@elpais.com
9543,Erminie,Cotter,193-989-7069,ecotterh2@whitehouse.gov
7559,Anatollo,Chidlow,956-253-9604,achidlowh3@utexas.edu
9141,Alanson,Ferns,617-986-3624,afernsh4@jigsy.com
1924,Nolana,Hogsden,481-365-7643,nhogsdenh5@reverbnation.com
8943,Quillan,Danielian,568-706-9852,qdanielianh6@liveinternet.ru
0142,Dewie,Mayworth,222-818-3322,dmayworthh7@wufoo.com
6946,Rudolf,Othick,212-813-1723,rothickh8@barnesandnoble.com
0390,Adina,Badgers,211-593-8577,abadgersh9@marketwatch.com
6765,Carree,Farland,162-483-8989,cfarlandha@nsw.gov.au
2839,Dene,Backhurst,285-892-3553,dbackhursthb@gnu.org
7672,Ekaterina,Proven,719-766-2472,eprovenhc@dmoz.org
5668,Daune,Gabbot,885-519-4081,dgabbothd@dailymotion.com
4584,Davie,Mullis,989-606-4607,dmullishe@tumblr.com
0328,Ewan,Burney,489-995-6869,eburneyhf@altervista.org
9235,Bobinette,Andresen,560-962-6424,bandresenhg@redcross.org
8686,Gavrielle,Gorman,412-117-9124,ggormanhh@noaa.gov
9578,Ira,Dunnett,230-388-1574,idunnetthi@wikispaces.com
1619,Gray,Rosenfelt,999-218-8925,grosenfelthj@myspace.com
7365,Araldo,Antonsen,100-934-6208,aantonsenhk@mtv.com
7240,Juana,Elven,664-743-0294,jelvenhl@google.com.br
8390,Haroun,Sotheby,862-568-4600,hsothebyhm@devhub.com
0895,Carlynn,Foulgham,928-749-1025,cfoulghamhn@mediafire.com
4032,Bevon,Goter,291-102-5221,bgoterho@rakuten.co.jp
5486,Sidney,Chaney,125-328-3479,schaneyhp@devhub.com
6698,Frederick,Bucke,437-645-1904,fbuckehq@ftc.gov
2610,Blinnie,Czapla,477-964-4419,bczaplahr@berkeley.edu
4495,Hatti,Meller,341-358-2140,hmellerhs@baidu.com
9806,Enrichetta,Chezelle,415-196-3842,echezelleht@google.com
3081,Antonietta,Welburn,411-265-7092,awelburnhu@google.ca
6871,Mathew,Beardsall,501-812-0129,mbeardsallhv@about.com
3739,Isidro,Setford,154-132-8317,isetfordhw@tamu.edu
3900,Ranee,Bazek,197-870-3784,rbazekhx@eventbrite.com
3363,Ella,Baskett,745-544-8674,ebasketthy@whitehouse.gov
1713,Gabbie,Habbergham,781-335-6885,ghabberghamhz@shareasale.com
2729,Tobye,Pegden,962-231-0390,tpegdeni0@walmart.com
6734,Vonnie,Franchioni,394-497-3797,vfranchionii1@facebook.com
7310,Robb,Hosten,295-278-6830,rhosteni2@squarespace.com
2840,Coreen,Pimerick,166-357-2650,cpimericki3@sohu.com
0954,Lin,Spatig,474-430-5775,lspatigi4@si.edu
2566,Anastasie,Quenby,190-425-3733,aquenbyi5@shop-pro.jp
6083,Cathrin,Costello,847-254-8953,ccostelloi6@ucoz.ru
5265,Anabelle,Domek,111-314-2432,adomeki7@oakley.com
8710,Angeli,Loisi,732-838-2182,aloisii8@apache.org
1647,Davey,Herety,239-827-1256,dheretyi9@whitehouse.gov
9082,Richie,Barradell,842-180-9405,rbarradellia@stumbleupon.com
8794,Demetris,Secker,234-306-9054,dseckerib@alibaba.com
6076,Dorella,Boag,760-830-6535,dboagic@cafepress.com
6065,Ambur,Corballis,184-125-6556,acorballisid@mit.edu
3681,Jamison,Tremelling,296-145-8364,jtremellingie@weibo.com
8847,Anastassia,Loachhead,651-316-6253,aloachheadif@php.net
7976,Richie,Verillo,366-535-8743,rverilloig@zimbio.com
2303,Teodoro,Ziebart,747-800-2564,tziebartih@arstechnica.com
2718,Bonnie,Bomfield,792-920-5210,bbomfieldii@edublogs.org
2327,Alyda,Chessil,408-614-6422,achessilij@jugem.jp
8434,Wain,Mathivet,835-312-6927,wmathivetik@shutterfly.com
5200,Cole,Holleran,808-173-2849,cholleranil@go.com
8744,Sharron,Denley,310-729-0972,sdenleyim@chronoengine.com
5345,Clarita,Raw,660-256-0302,crawin@sourceforge.net
9575,Bernardo,Cubley,152-763-3614,bcubleyio@accuweather.com
5253,Obie,Varren,876-336-7641,ovarrenip@home.pl
9253,Tuesday,Thirlaway,690-575-3554,tthirlawayiq@acquirethisname.com
9658,Lloyd,Astie,369-159-5873,lastieir@discuz.net
2451,Casper,Lippard,997-706-0374,clippardis@admin.ch
0793,Fina,Robyns,560-941-4026,frobynsit@tinypic.com
2321,Roarke,Simonsson,621-325-4237,rsimonssoniu@nsw.gov.au
5013,Nata,Plante,944-148-1267,nplanteiv@amazon.co.uk
0984,Clemens,Barribal,371-840-0206,cbarribaliw@instagram.com
0244,Abramo,McClaurie,146-863-9647,amcclaurieix@earthlink.net
9605,Naoma,Frosdick,924-766-8336,nfrosdickiy@edublogs.org
0232,Kellyann,Tuftin,515-979-2470,ktuftiniz@soup.io
2931,Morgun,Digginson,616-335-1958,mdigginsonj0@sfgate.com
3247,Kelcey,Willingale,721-222-5275,kwillingalej1@europa.eu
0779,Chane,Timmons,269-562-2259,ctimmonsj2@theguardian.com
6162,Alison,Shepley,423-150-4920,ashepleyj3@psu.edu
1998,Berna,Lackney,497-229-0107,blackneyj4@wix.com
0486,Leesa,Deards,491-949-9504,ldeardsj5@businessinsider.com
1147,Jorie,Kennett,955-953-7906,jkennettj6@nba.com
3116,Drud,Dysert,371-953-4516,ddysertj7@vistaprint.com
9425,Shirlene,Grund,762-289-6349,sgrundj8@4shared.com
4948,Rudyard,Attrill,790-616-4155,rattrillj9@storify.com
5814,Nickolaus,Klaiser,925-649-1297,nklaiserja@livejournal.com
1055,Saul,Greendale,231-594-0475,sgreendalejb@illinois.edu
4450,Penn,Purtell,957-635-3310,ppurtelljc@columbia.edu
5713,Shirline,Wheater,247-711-0092,swheaterjd@msn.com
6622,Nellie,Cutmere,848-285-8844,ncutmereje@amazon.de
7797,Stepha,Maltman,981-220-1984,smaltmanjf@prweb.com
8164,Alleen,Aldersea,752-371-7187,aalderseajg@imageshack.us
2718,Moritz,Poupard,650-678-1130,mpoupardjh@ehow.com
0242,Jen,Tibbetts,146-733-7677,jtibbettsji@pinterest.com
7665,Thia,MacGebenay,213-550-0410,tmacgebenayjj@altervista.org
1191,John,Molian,950-331-5053,jmolianjk@apache.org
6694,Olvan,Woollett,846-752-0450,owoollettjl@squarespace.com
5587,Rebekkah,Causier,165-585-8571,rcausierjm@nydailynews.com
6878,Roman,Geffcock,409-175-8888,rgeffcockjn@nyu.edu
4829,Fairleigh,Gauld,766-655-4608,fgauldjo@washington.edu
6339,Marylou,Duggleby,269-282-9659,mdugglebyjp@wordpress.com
8028,Jerad,Daubeny,495-522-1685,jdaubenyjq@shareasale.com
9224,Marven,Trimbey,554-290-8941,mtrimbeyjr@youtube.com
1461,Jedediah,McWhan,581-107-5431,jmcwhanjs@cnbc.com
8775,Bidget,Normand,875-366-6576,bnormandjt@squarespace.com
0438,Karel,Rummings,787-543-3837,krummingsju@whitehouse.gov
2571,Kora,Phipps,344-411-7897,kphippsjv@umn.edu
4498,Kincaid,Hansel,424-113-7438,khanseljw@fc2.com
0684,Mabelle,Smouten,845-791-7984,msmoutenjx@sciencedaily.com
9325,Sherwin,Thorby,991-115-5861,sthorbyjy@artisteer.com
4265,Mendie,Knoles,892-137-2688,mknolesjz@odnoklassniki.ru
6167,Starlene,Waldron,742-167-5885,swaldronk0@nymag.com
9039,Rona,Templar,214-272-5953,rtemplark1@moonfruit.com
5260,Sherm,Pelzer,934-163-8844,spelzerk2@yolasite.com
8810,Tildi,Bevington,319-966-5942,tbevingtonk3@fc2.com
5323,Janel,Blondelle,921-287-5797,jblondellek4@xrea.com
9804,Anestassia,Jahnke,786-829-9686,ajahnkek5@slashdot.org
5190,Goober,Shout,456-516-7237,gshoutk6@over-blog.com
2283,Leona,Avrahamy,585-556-8951,lavrahamyk7@desdev.cn
3776,Geoffrey,Latch,631-365-6647,glatchk8@liveinternet.ru
0202,Dacey,Jonsson,249-123-2492,djonssonk9@hud.gov
1012,Milissent,Gert,891-121-8389,mgertka@alexa.com
2225,Wright,Paireman,341-734-0761,wpairemankb@cdbaby.com
4204,Christoforo,Attlee,415-995-6247,cattleekc@youtu.be
9963,Melva,Dufaur,564-943-8429,mdufaurkd@abc.net.au
4162,Cortney,McColl,218-539-8753,cmccollke@printfriendly.com
4505,Galven,Libero,686-109-0829,gliberokf@chicagotribune.com
5311,Roley,Pickin,187-592-6183,rpickinkg@tinypic.com
6483,Mandel,Bettles,196-207-2515,mbettleskh@wikipedia.org
6713,Remus,Nisbith,815-102-2613,rnisbithki@ibm.com
3705,Gary,O'Dwyer,417-127-0763,godwyerkj@printfriendly.com
4771,Ambrosi,Trumper,493-597-9758,atrumperkk@pcworld.com
3943,Lora,Tokell,875-101-5267,ltokellkl@bandcamp.com
8485,Chad,Truelock,812-331-8366,ctruelockkm@apple.com
9718,Terrell,Elby,430-289-9265,telbykn@pagesperso-orange.fr
4993,Tybie,McLelland,800-249-8681,tmclellandko@hatena.ne.jp
2363,Dorothea,Pervew,654-509-3344,dpervewkp@paginegialle.it
9598,Christiana,Canario,318-513-5963,ccanariokq@upenn.edu
2111,Templeton,Cato,891-892-6685,tcatokr@washingtonpost.com
5052,Ruby,Pimm,379-710-9379,rpimmks@indiatimes.com
8839,Penny,Abercrombie,103-974-4982,pabercrombiekt@noaa.gov
9284,Eirena,Watling,669-199-2173,ewatlingku@sogou.com
2875,Sophie,Thoday,191-318-8887,sthodaykv@google.ca
1173,Bald,Banville,258-996-4192,bbanvillekw@people.com.cn
5039,Elizabet,Harbisher,377-344-1535,eharbisherkx@shutterfly.com
4053,Elaine,Loseke,136-911-1415,elosekeky@de.vu
5925,Orv,Filintsev,788-760-4983,ofilintsevkz@netlog.com
6013,Kenneth,Cartwight,619-170-3068,kcartwightl0@dagondesign.com
2304,Kellina,Collcott,296-771-9607,kcollcottl1@dailymail.co.uk
0334,Reginald,McQuaid,789-608-7411,rmcquaidl2@people.com.cn
6254,Allard,Sappy,405-688-3478,asappyl3@nih.gov
2104,Mikael,Helstrip,966-426-3177,mhelstripl4@rakuten.co.jp
3204,Sylas,D'Emanuele,201-260-5088,sdemanuelel5@timesonline.co.uk
0592,Tanny,Leal,995-463-7763,tleall6@delicious.com
6102,Fayette,Gedling,701-714-8321,fgedlingl7@indiatimes.com
7766,Annmaria,Yurocjhin,167-105-1718,ayurocjhinl8@twitter.com
4436,Saree,Cherry,242-406-7099,scherryl9@oracle.com
6185,Brynn,Whifen,601-875-5783,bwhifenla@hatena.ne.jp
2241,Charlton,Eagles,849-776-1543,ceagleslb@fc2.com
3790,Evangelia,Boddice,306-348-6651,eboddicelc@fotki.com
1601,Tabor,Francois,776-510-8828,tfrancoisld@miitbeian.gov.cn
4447,Gun,Croley,853-664-0671,gcroleyle@sbwire.com
3421,Brennan,Denford,917-183-3551,bdenfordlf@jigsy.com
9875,Bab,McCrostie,952-955-2990,bmccrostielg@alibaba.com
2414,Bree,Martland,483-285-8993,bmartlandlh@guardian.co.uk
8342,Kile,Rewan,772-108-2471,krewanli@oracle.com
3610,Belle,Mullard,749-964-4551,bmullardlj@mit.edu
9930,Ethelyn,Scoffins,333-780-6965,escoffinslk@macromedia.com
4928,Kareem,Sydry,962-731-2562,ksydryll@virginia.edu
8624,Kailey,Effaunt,664-850-4125,keffauntlm@geocities.com
9580,Diarmid,Atyeo,332-405-8733,datyeoln@mapquest.com
5688,Muffin,Studdard,861-759-3336,mstuddardlo@instagram.com
7972,Federico,Awton,178-966-3880,fawtonlp@barnesandnoble.com
0634,Tamera,Velde,203-946-6350,tveldelq@jugem.jp
3134,Melina,Hoyles,959-775-5702,mhoyleslr@ucla.edu
2583,Shane,Medgewick,135-211-2612,smedgewickls@cbsnews.com
3354,Xylina,Dagnan,185-464-0399,xdagnanlt@amazon.co.jp
0397,Sheffie,Scurrell,714-489-2910,sscurrelllu@wikia.com
3150,Kayla,Cancutt,532-323-8063,kcancuttlv@ebay.com
4659,Melvin,Jarrette,574-952-6681,mjarrettelw@bbc.co.uk
6046,Chrysa,Abry,881-210-7075,cabrylx@dion.ne.jp
1236,Manny,Lumsdall,700-767-1839,mlumsdallly@chron.com
4354,Rosetta,Dericot,370-553-7140,rdericotlz@hugedomains.com
0469,Cirstoforo,Hurdiss,778-492-3535,churdissm0@foxnews.com
3219,Mateo,Fryman,765-169-2104,mfrymanm1@huffingtonpost.com
3494,Janelle,Claire,470-247-3414,jclairem2@ocn.ne.jp
6301,Octavius,Schrieves,524-888-0310,oschrievesm3@blogspot.com
0437,Teodoro,Brothers,787-131-6504,tbrothersm4@merriam-webster.com
7560,Aveline,Gymlett,970-720-5006,agymlettm5@noaa.gov
1894,Humberto,Woolfoot,495-997-5213,hwoolfootm6@cbsnews.com
9078,Casey,Coke,943-863-1910,ccokem7@yandex.ru
9957,Lorilee,Chetter,409-686-3107,lchetterm8@house.gov
2938,Sal,Bartelli,533-220-0859,sbartellim9@ft.com
5076,Michaeline,Hedley,285-726-3885,mhedleyma@dedecms.com
6758,Somerset,Mitkcov,570-740-9066,smitkcovmb@about.com
9623,Teddy,Balleine,647-731-3313,tballeinemc@histats.com
2772,Davy,Lemmanbie,913-146-0598,dlemmanbiemd@nymag.com
8959,Tarra,Woakes,936-407-3465,twoakesme@ed.gov
8105,Cassaundra,Rodrig,991-576-5733,crodrigmf@naver.com
0019,Beau,Figin,555-371-7572,bfiginmg@pagesperso-orange.fr
1624,Seumas,Kuhlen,468-343-6308,skuhlenmh@oakley.com
7277,Heloise,Halt,136-380-6398,hhaltmi@skyrock.com
1545,Raviv,Housley,979-862-6670,rhousleymj@nba.com
3600,Granthem,Haglinton,612-401-9337,ghaglintonmk@behance.net
3636,Garfield,Inskipp,596-436-3216,ginskippml@google.cn
3610,Jeanne,Gareisr,135-255-4050,jgareisrmm@bloglovin.com
5282,Pen,Pozzi,890-413-5602,ppozzimn@hibu.com
2092,Dorris,Gamet,466-915-2248,dgametmo@ted.com
3198,Ara,Ebbutt,580-663-2849,aebbuttmp@phpbb.com
0045,Dalt,Finlay,912-484-2249,dfinlaymq@xrea.com
7950,Ernesto,Kingh,256-604-4011,ekinghmr@opensource.org
9128,Kerry,Boydon,709-358-5358,kboydonms@loc.gov
5177,Boote,Tebbit,123-443-5811,btebbitmt@ameblo.jp
7611,Tallie,Humphris,921-891-5098,thumphrismu@house.gov
2248,Sara-ann,Denial,798-526-9078,sdenialmv@odnoklassniki.ru
2396,Farrand,Angier,763-273-6414,fangiermw@issuu.com
0443,Cullin,Murrey,301-513-8782,cmurreymx@abc.net.au
4385,Zonnya,Ketteringham,731-795-8412,zketteringhammy@mayoclinic.com
0113,Holmes,Elmar,967-315-9069,helmarmz@hc360.com
0318,Matilde,Leber,917-363-3836,mlebern0@wikipedia.org
7281,Livvy,McHaffy,369-261-7872,lmchaffyn1@a8.net
3743,Gnni,Fantin,709-712-8673,gfantinn2@taobao.com
4396,Valry,Poter,244-919-9760,vpotern3@elpais.com
7256,Brook,Chrstine,987-352-8382,bchrstinen4@hatena.ne.jp
7608,Durand,Richel,232-495-1458,dricheln5@zdnet.com
0120,Maire,Dornin,742-432-4951,mdorninn6@gizmodo.com
3192,Shelby,Boeck,835-476-1067,sboeckn7@exblog.jp
2910,Crissie,Creasey,731-219-7943,ccreaseyn8@printfriendly.com
6463,Franciska,Guinery,685-183-4211,fguineryn9@amazonaws.com
6936,Caty,Elderidge,927-926-0891,celderidgena@shinystat.com
5428,Iain,Peffer,300-655-1236,ipeffernb@google.es
3500,Devland,Williamson,940-239-5813,dwilliamsonnc@youku.com
8365,Johan,Bishell,695-174-6976,jbishellnd@usgs.gov
1900,Edwin,Hawkes,580-842-2389,ehawkesne@newyorker.com
7014,Fonz,Guerrero,149-591-0373,fguerreronf@cpanel.net
8448,Virgina,FitzAlan,447-203-3497,vfitzalanng@rakuten.co.jp
0956,Lynn,Samart,327-121-6019,lsamartnh@lycos.com
9621,Yetta,Thoms,186-746-5640,ythomsni@yahoo.co.jp
8223,Ravid,Hegel,413-360-4903,rhegelnj@drupal.org
4266,Loydie,Ebbrell,625-169-9927,lebbrellnk@dedecms.com
7646,Reg,Fosberry,247-256-2518,rfosberrynl@phoca.cz
3406,Jamie,Thirlwell,824-113-8263,jthirlwellnm@spotify.com
4894,Lula,Simnell,535-453-4347,lsimnellnn@dot.gov
1606,Alika,Hefford,640-303-6502,aheffordno@diigo.com
0264,Beverlee,Colenutt,657-758-9548,bcolenuttnp@cloudflare.com
3653,Agnes,Dwelly,419-905-6414,adwellynq@nyu.edu
9256,Dannye,Adamowitz,324-879-1099,dadamowitznr@hp.com
0981,Elspeth,Durnall,784-744-8947,edurnallns@dmoz.org
8941,Lynnea,Poad,200-977-6660,lpoadnt@desdev.cn
8970,Chevy,Gerran,541-821-6056,cgerrannu@umn.edu
6183,Deni,Adamovitz,163-610-0017,dadamovitznv@shop-pro.jp
6594,Alma,Blazi,505-763-6532,ablazinw@marriott.com
0519,Gino,Lote,199-170-5714,glotenx@newyorker.com
1126,Lindsay,Mesant,457-406-2539,lmesantny@hugedomains.com
2723,Brittan,Cammis,688-605-1640,bcammisnz@chicagotribune.com
4240,Barrie,McKeachie,408-273-7517,bmckeachieo0@apple.com
9073,Alane,Willgoss,753-720-9280,awillgosso1@nba.com
3403,Merv,Mouton,909-551-2231,mmoutono2@geocities.jp
2406,Melamie,Georgescu,193-167-5979,mgeorgescuo3@unicef.org
1394,Verina,Conelly,296-242-0178,vconellyo4@wikimedia.org
9167,Abbey,Malia,199-110-4957,amaliao5@unblog.fr
0632,Talia,O'Corren,673-914-8486,tocorreno6@tiny.cc
6315,Tracy,Burnham,210-675-8458,tburnhamo7@usa.gov
7188,Phyllida,Vardie,860-815-8184,pvardieo8@free.fr
3170,Elbertine,Savary,476-591-4345,esavaryo9@barnesandnoble.com
0739,Gaultiero,Sam,997-923-9356,gsamoa@ucla.edu
7366,Tine,De Biasi,354-560-3591,tdebiasiob@nyu.edu
1601,Fanchon,Wethers,606-965-1638,fwethersoc@java.com
4478,Charita,Prandin,924-116-1564,cprandinod@artisteer.com
5056,Aristotle,Battleson,592-864-0475,abattlesonoe@blog.com
6944,Clemmy,Hartzog,465-107-7261,chartzogof@nps.gov
9714,Maible,Reolfi,325-351-3947,mreolfiog@bizjournals.com
0241,Don,Dudleston,976-752-5927,ddudlestonoh@miitbeian.gov.cn
1965,Cornie,Danielsohn,364-821-0942,cdanielsohnoi@opera.com
2867,Cedric,Tompsett,470-790-4870,ctompsettoj@marketwatch.com
2060,Tobye,Valsler,491-704-6222,tvalslerok@comcast.net
7692,Fabien,Hallin,999-873-9669,fhallinol@vkontakte.ru
2062,Peri,Czyz,564-748-0830,pczyzom@de.vu
4078,Kelly,Spofford,452-504-9284,kspoffordon@scientificamerican.com
6333,Layton,Painswick,177-976-2132,lpainswickoo@ed.gov
9993,Damaris,McBean,721-282-9859,dmcbeanop@360.cn
4302,Niels,Birdseye,356-223-3153,nbirdseyeoq@privacy.gov.au
7461,Merrili,Hugk,383-583-4246,mhugkor@reference.com
1820,Emanuel,O'Leahy,418-369-3933,eoleahyos@vinaora.com
0267,Karita,Witty,819-978-3169,kwittyot@w3.org
1795,Jessica,Gitting,200-952-8357,jgittingou@fda.gov
0319,Morganica,Puddefoot,382-264-5548,mpuddefootov@baidu.com
8383,Quent,Moan,235-285-4817,qmoanow@un.org
6433,Delmor,Simonassi,312-614-0247,dsimonassiox@jalbum.net
0406,Jolene,Diano,487-249-0537,jdianooy@comcast.net
0439,Creighton,Penbarthy,553-300-3487,cpenbarthyoz@github.com
3637,Gay,Caspell,171-147-3522,gcaspellp0@utexas.edu
5249,Zackariah,Gotliffe,474-624-4190,zgotliffep1@samsung.com
1922,Janeen,Hoodless,260-955-6015,jhoodlessp2@opera.com
1047,Arabelle,Engelmann,946-662-7286,aengelmannp3@lulu.com
5910,Windy,Haysman,137-681-4617,whaysmanp4@hhs.gov
8069,Nicoli,Stourton,624-458-7732,nstourtonp5@paypal.com
7410,Laney,Boards,673-677-9534,lboardsp6@reuters.com
0304,Jane,Cleatherow,552-689-6374,jcleatherowp7@google.es
0857,Moria,Turtle,870-539-2874,mturtlep8@sourceforge.net
0102,Shadow,Paulino,584-262-1829,spaulinop9@google.pl
0418,Duffy,ducarme,130-458-7943,dducarmepa@bbc.co.uk
8019,Pernell,Barrett,552-383-8837,pbarrettpb@kickstarter.com
3205,Gusti,Gillebert,742-631-2146,ggillebertpc@wikipedia.org
8221,Helena,Sopper,308-630-7939,hsopperpd@buzzfeed.com
1007,Nevile,Cakebread,520-798-0528,ncakebreadpe@rakuten.co.jp
1502,Emmye,Gives,326-728-3014,egivespf@blogtalkradio.com
0665,Brockie,Ditchburn,159-563-7271,bditchburnpg@washington.edu
2929,Bettine,Dunlea,459-544-0277,bdunleaph@ifeng.com
9102,Patrizius,Aizlewood,311-766-6292,paizlewoodpi@acquirethisname.com
4136,Hillard,Sawle,141-895-7063,hsawlepj@pinterest.com
9770,Tammara,Balsdone,187-971-4258,tbalsdonepk@wix.com
4882,Carina,Collop,290-283-9521,ccolloppl@quantcast.com
2928,Cyrillus,Basindale,488-435-3957,cbasindalepm@vk.com
6336,Franny,Helliar,364-241-1489,fhelliarpn@naver.com
7187,Fonzie,Levee,774-443-6224,fleveepo@drupal.org
5543,Roby,Gainforth,732-506-4061,rgainforthpp@about.com
6838,Tirrell,Fairchild,261-438-8591,tfairchildpq@opensource.org
9327,Renato,Henriet,282-410-8678,rhenrietpr@de.vu
2427,Rayner,Patters,213-601-9309,rpattersps@buzzfeed.com
5646,Selene,Jankowski,266-172-2376,sjankowskipt@pagesperso-orange.fr
2620,Melitta,Matejic,600-856-0561,mmatejicpu@businessweek.com
2335,Ave,Hubbins,997-778-7986,ahubbinspv@forbes.com
0793,Shaun,Brunicke,200-782-2177,sbrunickepw@census.gov
4600,Rockie,Hadye,245-194-4986,rhadyepx@sitemeter.com
2400,Florrie,Loughman,336-744-4483,floughmanpy@storify.com
1221,Simonne,Janek,783-709-7538,sjanekpz@ihg.com
1345,Caressa,Corzon,317-244-6054,ccorzonq0@nps.gov
2350,Polly,Kennaird,132-685-2130,pkennairdq1@blogtalkradio.com
9762,Ulrich,Munroe,680-252-8671,umunroeq2@ask.com
1898,Kacey,Whitwam,949-656-8914,kwhitwamq3@slideshare.net
7656,Cristabel,Hansell,324-809-2008,chansellq4@tripadvisor.com
8580,Emmalyn,Clarae,566-915-9490,eclaraeq5@mlb.com
5458,Gunter,Tite,102-997-9823,gtiteq6@ovh.net
6063,Valentina,Crat,165-363-7239,vcratq7@nsw.gov.au
0998,Shaylah,Dronsfield,399-937-3147,sdronsfieldq8@amazon.co.jp
1587,Henrieta,Sagg,301-708-8808,hsaggq9@latimes.com
0042,Mordecai,Leedal,896-803-5001,mleedalqa@blogspot.com
4770,Adela,Aleksich,750-676-8120,aaleksichqb@yellowbook.com
8785,Marlyn,Verner,530-935-9945,mvernerqc@cyberchimps.com
1104,Candide,Krale,173-522-8860,ckraleqd@patch.com
8086,Craig,D'Ambrosi,326-266-8711,cdambrosiqe@networkadvertising.org
1530,Conny,Ditts,892-266-1423,cdittsqf@so-net.ne.jp
7604,Rafaela,Scammonden,937-135-2540,rscammondenqg@adobe.com
2763,Yulma,Ingree,710-261-2830,yingreeqh@arizona.edu
7116,Celene,Bardwell,839-297-9310,cbardwellqi@google.it
2024,Yul,Cuniffe,788-975-1393,ycuniffeqj@miibeian.gov.cn
1072,Terza,Burless,775-707-9832,tburlessqk@behance.net
5414,Alexa,Gregorio,632-739-7510,agregorioql@about.me
2593,Bill,MacKibbon,596-616-1104,bmackibbonqm@wsj.com
1523,Hadlee,Trassler,202-725-7339,htrasslerqn@sciencedaily.com
6985,Fritz,Chudleigh,743-301-2293,fchudleighqo@nba.com
3025,Barris,Sumner,452-871-4284,bsumnerqp@examiner.com
6090,Edsel,Campana,434-778-5085,ecampanaqq@miitbeian.gov.cn
3218,Eda,Tucker,816-385-1251,etuckerqr@people.com.cn
1548,Tammie,Rhodes,836-500-6484,trhodesqs@wsj.com
7036,Patty,Guerreru,481-117-7674,pguerreruqt@webmd.com
4883,Elenore,Cromly,118-826-2312,ecromlyqu@cloudflare.com
8772,Meghan,Firk,901-861-0468,mfirkqv@reference.com
6538,Stirling,Maase,759-335-3042,smaaseqw@cafepress.com
1017,Reinold,Lawrenz,581-133-1992,rlawrenzqx@topsy.com
1265,Fee,Keasley,819-463-4771,fkeasleyqy@comcast.net
9564,Morganne,Poletto,455-570-9622,mpolettoqz@apache.org
5954,Linn,Melton,580-344-0406,lmeltonr0@163.com
5554,Giovanni,Tretter,503-828-1563,gtretterr1@businessweek.com
4812,Cliff,Hardwell,544-455-6389,chardwellr2@wiley.com
6154,Arty,Bernollet,595-189-9011,abernolletr3@free.fr
6703,Tedda,Toy,105-582-7242,ttoyr4@nationalgeographic.com
7550,Reena,Beaudry,302-980-1798,rbeaudryr5@youku.com
5000,Deane,Eble,719-589-1465,debler6@mac.com
4146,Cornelle,Aberdein,253-696-7495,caberdeinr7@abc.net.au
6287,Ivor,Hollerin,464-317-7629,ihollerinr8@addthis.com
6878,Kinny,Wassung,412-266-9163,kwassungr9@qq.com
9586,Cordy,Toor,517-617-6533,ctoorra@techcrunch.com
2988,Clevey,Hackinge,286-561-3459,chackingerb@nifty.com
1484,Trish,Simms,376-888-1673,tsimmsrc@networksolutions.com
8264,Selestina,Hune,685-863-5009,shunerd@tripadvisor.com
9060,Adina,Wondraschek,216-763-6214,awondraschekre@tumblr.com
3434,Mala,Sedgefield,720-119-4547,msedgefieldrf@soup.io
5229,Molli,Kemsley,530-447-2548,mkemsleyrg@canalblog.com
0376,Tomas,Iacovone,499-696-5726,tiacovonerh@comcast.net
0388,Terence,Cantillon,562-378-8204,tcantillonri@webmd.com
5855,Gal,Pantlin,809-294-4564,gpantlinrj@yahoo.co.jp
7355,Reinhold,Passman,250-315-8852,rpassmanrk@home.pl
8032,Millie,Cockaday,330-620-1022,mcockadayrl@hostgator.com
4535,Pedro,Murley,753-906-6541,pmurleyrm@va.gov
5660,Phillipp,Worden,315-556-7205,pwordenrn@sina.com.cn
2539,Ernaline,Cornner,948-521-1242,ecornnerro@people.com.cn
7883,Ulrika,Whitlock,719-939-0490,uwhitlockrp@discovery.com
3337,Crissy,Pilipets,258-810-4507,cpilipetsrq@skyrock.com
4993,Lucita,Gallaher,466-832-2653,lgallaherrr@usatoday.com
